{
  "type": "FeatureCollection",
  "generator": "overpass-turbo",
  "copyright": "The data included in this document is from www.openstreetmap.org. The data is made available under ODbL.",
  "timestamp": "2026-07-04T19:48:57Z",
  "features": [
    {
      "type": "Feature",
      "properties": {
        "@id": "relation/2396813",
        "landuse": "retail",
        "name": "Dreispitz",
        "type": "multipolygon"
      },
      "geometry": {
        "type": "Polygon",
        "coordinates": [
          [
            [
              7.6050573,
              47.5384181
            ],
            [
              7.6053188,
              47.5388207
            ],
            [
              7.60601,
              47.538621
            ],
            [
              7.6061994,
              47.5385598
            ],
            [
              7.6063339,
              47.5384985
            ],
            [
              7.6064449,
              47.5384406
            ],
            [
              7.6066179,
              47.5383373
            ],
            [
              7.6068532,
              47.5381769
            ],
            [
              7.6070328,
              47.5380359
            ],
            [
              7.607243,
              47.5378343
            ],
            [
              7.6073194,
              47.5377511
            ],
            [
              7.6075545,
              47.5376818
            ],
            [
              7.6075789,
              47.5376748
            ],
            [
              7.6076063,
              47.5376736
            ],
            [
              7.6076272,
              47.5376832
            ],
            [
              7.6076375,
              47.5376959
            ],
            [
              7.6076388,
              47.5377104
            ],
            [
              7.6076151,
              47.5377339
            ],
            [
              7.6073979,
              47.5379095
            ],
            [
              7.6071793,
              47.5381078
            ],
            [
              7.6066965,
              47.5385465
            ],
            [
              7.606386,
              47.5388049
            ],
            [
              7.6062821,
              47.5389113
            ],
            [
              7.6060695,
              47.5391254
            ],
            [
              7.6059106,
              47.5392875
            ],
            [
              7.6058368,
              47.5393694
            ],
            [
              7.6049886,
              47.5402716
            ],
            [
              7.6048598,
              47.5403852
            ],
            [
              7.6046272,
              47.5405803
            ],
            [
              7.6044461,
              47.5407094
            ],
            [
              7.6042496,
              47.5408112
            ],
            [
              7.6023547,
              47.5416826
            ],
            [
              7.6023037,
              47.541693
            ],
            [
              7.6022608,
              47.5416821
            ],
            [
              7.602234,
              47.5416663
            ],
            [
              7.6022246,
              47.5416473
            ],
            [
              7.6022319,
              47.5415966
            ],
            [
              7.6022695,
              47.5414807
            ],
            [
              7.6025666,
              47.5408216
            ],
            [
              7.6026256,
              47.5407542
            ],
            [
              7.6034772,
              47.5388968
            ],
            [
              7.6034959,
              47.5388814
            ],
            [
              7.6035288,
              47.5388679
            ],
            [
              7.6050573,
              47.5384181
            ]
          ]
        ]
      },
      "id": "relation/2396813"
    },
    {
      "type": "Feature",
      "properties": {
        "@id": "relation/5822550",
        "building": "retail",
        "building:levels": "3",
        "roof:levels": "1",
        "source": "Geodaten Kanton Basel-Stadt",
        "type": "multipolygon"
      },
      "geometry": {
        "type": "Polygon",
        "coordinates": [
          [
            [
              7.5809859,
              47.5511964
            ],
            [
              7.5808325,
              47.5512775
            ],
            [
              7.5806599,
              47.5511402
            ],
            [
              7.5805914,
              47.5510675
            ],
            [
              7.5805584,
              47.5510373
            ],
            [
              7.5806836,
              47.5509805
            ],
            [
              7.5808232,
              47.5509162
            ],
            [
              7.5809242,
              47.5510177
            ],
            [
              7.5809564,
              47.5510031
            ],
            [
              7.5809856,
              47.5510286
            ],
            [
              7.5811053,
              47.5511333
            ],
            [
              7.5809859,
              47.5511964
            ]
          ],
          [
            [
              7.5807759,
              47.5510891
            ],
            [
              7.5807156,
              47.5511164
            ],
            [
              7.5807441,
              47.5511417
            ],
            [
              7.5807738,
              47.5511253
            ],
            [
              7.5808006,
              47.5511104
            ],
            [
              7.5807759,
              47.5510891
            ]
          ]
        ]
      },
      "id": "relation/5822550"
    },
    {
      "type": "Feature",
      "properties": {
        "@id": "relation/6123233",
        "area": "yes",
        "highway": "pedestrian",
        "lit": "yes",
        "name": "Theaterplatz",
        "type": "multipolygon",
        "wikidata": "Q111133848"
      },
      "geometry": {
        "type": "Polygon",
        "coordinates": [
          [
            [
              7.5902511,
              47.5539125
            ],
            [
              7.5901964,
              47.5539098
            ],
            [
              7.5901859,
              47.5539069
            ],
            [
              7.5901483,
              47.5538945
            ],
            [
              7.5901111,
              47.5538703
            ],
            [
              7.5900898,
              47.5538422
            ],
            [
              7.5900019,
              47.5536273
            ],
            [
              7.589986,
              47.5535764
            ],
            [
              7.590131,
              47.5535606
            ],
            [
              7.5901708,
              47.5535555
            ],
            [
              7.5901135,
              47.5534112
            ],
            [
              7.5901024,
              47.5533831
            ],
            [
              7.5900642,
              47.553287
            ],
            [
              7.5900437,
              47.5532354
            ],
            [
              7.5903705,
              47.5531836
            ],
            [
              7.590349,
              47.5531208
            ],
            [
              7.5905584,
              47.5530874
            ],
            [
              7.5906393,
              47.5530768
            ],
            [
              7.59087,
              47.5538153
            ],
            [
              7.590873,
              47.5538249
            ],
            [
              7.5902511,
              47.5539125
            ]
          ],
          [
            [
              7.5905297,
              47.5537223
            ],
            [
              7.5905568,
              47.553745
            ],
            [
              7.590613,
              47.5537536
            ],
            [
              7.5907583,
              47.5537302
            ],
            [
              7.5907233,
              47.5536226
            ],
            [
              7.5906869,
              47.5535907
            ],
            [
              7.5906376,
              47.5535759
            ],
            [
              7.5904888,
              47.5536012
            ],
            [
              7.5905297,
              47.5537223
            ]
          ]
        ]
      },
      "id": "relation/6123233"
    },
    {
      "type": "Feature",
      "properties": {
        "@id": "relation/9370431",
        "addr:city": "Basel",
        "addr:housenumber": "14",
        "addr:postcode": "4051",
        "addr:street": "Steinenberg",
        "building": "retail",
        "building:levels": "5",
        "roof:levels": "0",
        "roof:shape": "flat",
        "type": "multipolygon"
      },
      "geometry": {
        "type": "Polygon",
        "coordinates": [
          [
            [
              7.5891851,
              47.5542402
            ],
            [
              7.5896591,
              47.5541609
            ],
            [
              7.5897394,
              47.5543952
            ],
            [
              7.5896987,
              47.554402
            ],
            [
              7.5892694,
              47.5544733
            ],
            [
              7.5891851,
              47.5542402
            ]
          ]
        ]
      },
      "id": "relation/9370431"
    },
    {
      "type": "Feature",
      "properties": {
        "@id": "relation/17138439",
        "area": "yes",
        "highway": "pedestrian",
        "name": "Irène Zurkinden-Platz",
        "place": "square",
        "surface": "asphalt",
        "type": "multipolygon",
        "wikidata": "Q123284949"
      },
      "geometry": {
        "type": "Polygon",
        "coordinates": [
          [
            [
              7.6083346,
              47.5380094
            ],
            [
              7.6078582,
              47.5377748
            ],
            [
              7.6080479,
              47.5376285
            ],
            [
              7.6080634,
              47.5376135
            ],
            [
              7.6082589,
              47.5374638
            ],
            [
              7.608595,
              47.5372066
            ],
            [
              7.6086594,
              47.5371545
            ],
            [
              7.6091758,
              47.5373618
            ],
            [
              7.6091677,
              47.5373785
            ],
            [
              7.6090126,
              47.5375137
            ],
            [
              7.6090398,
              47.5375856
            ],
            [
              7.6087951,
              47.5377614
            ],
            [
              7.6086853,
              47.5378496
            ],
            [
              7.6084537,
              47.5380193
            ],
            [
              7.6084879,
              47.5380406
            ],
            [
              7.6084513,
              47.5380661
            ],
            [
              7.6084121,
              47.5380465
            ],
            [
              7.6083346,
              47.5380094
            ]
          ],
          [
            [
              7.6089322,
              47.5373719
            ],
            [
              7.6089662,
              47.5373845
            ],
            [
              7.6089929,
              47.5373832
            ],
            [
              7.6090096,
              47.537375
            ],
            [
              7.6090214,
              47.5373581
            ],
            [
              7.6090242,
              47.5373465
            ],
            [
              7.6090199,
              47.5373372
            ],
            [
              7.6090028,
              47.5373299
            ],
            [
              7.6089775,
              47.5373287
            ],
            [
              7.6089515,
              47.537332
            ],
            [
              7.6089402,
              47.5373382
            ],
            [
              7.6089299,
              47.5373462
            ],
            [
              7.6089225,
              47.5373561
            ],
            [
              7.6089322,
              47.5373719
            ]
          ],
          [
            [
              7.6084611,
              47.5377149
            ],
            [
              7.6084536,
              47.5377169
            ],
            [
              7.6084481,
              47.5377226
            ],
            [
              7.6084485,
              47.5377295
            ],
            [
              7.6084569,
              47.5377374
            ],
            [
              7.6084691,
              47.5377441
            ],
            [
              7.6084923,
              47.5377505
            ],
            [
              7.6085068,
              47.5377521
            ],
            [
              7.6085188,
              47.5377521
            ],
            [
              7.6085272,
              47.5377468
            ],
            [
              7.6085288,
              47.5377399
            ],
            [
              7.6085247,
              47.5377304
            ],
            [
              7.6085163,
              47.5377204
            ],
            [
              7.608509,
              47.5377168
            ],
            [
              7.6084905,
              47.5377128
            ],
            [
              7.6084798,
              47.5377135
            ],
            [
              7.6084611,
              47.5377149
            ]
          ],
          [
            [
              7.6082871,
              47.5376433
            ],
            [
              7.6083193,
              47.5376651
            ],
            [
              7.6083527,
              47.537672
            ],
            [
              7.6083997,
              47.537672
            ],
            [
              7.6084345,
              47.5376642
            ],
            [
              7.6084415,
              47.5376535
            ],
            [
              7.6084406,
              47.5376429
            ],
            [
              7.6084323,
              47.5376268
            ],
            [
              7.6083633,
              47.5375748
            ],
            [
              7.6083297,
              47.5375558
            ],
            [
              7.608308,
              47.5375513
            ],
            [
              7.6082932,
              47.5375513
            ],
            [
              7.6082796,
              47.5375582
            ],
            [
              7.6082761,
              47.5375669
            ],
            [
              7.6082748,
              47.5375806
            ],
            [
              7.6082764,
              47.5376051
            ],
            [
              7.6082797,
              47.5376293
            ],
            [
              7.6082871,
              47.5376433
            ]
          ],
          [
            [
              7.6080773,
              47.5378147
            ],
            [
              7.6080934,
              47.5378069
            ],
            [
              7.6081114,
              47.5377776
            ],
            [
              7.6081262,
              47.5377126
            ],
            [
              7.6081255,
              47.5376782
            ],
            [
              7.6081135,
              47.5376571
            ],
            [
              7.6080908,
              47.5376524
            ],
            [
              7.6080678,
              47.5376537
            ],
            [
              7.6080345,
              47.537671
            ],
            [
              7.6079703,
              47.5377212
            ],
            [
              7.6079565,
              47.5377429
            ],
            [
              7.6079616,
              47.5377641
            ],
            [
              7.6079898,
              47.5377892
            ],
            [
              7.608018,
              47.5378076
            ],
            [
              7.6080466,
              47.5378161
            ],
            [
              7.6080631,
              47.5378178
            ],
            [
              7.6080773,
              47.5378147
            ]
          ],
          [
            [
              7.6082901,
              47.5377972
            ],
            [
              7.608283,
              47.5378214
            ],
            [
              7.6082861,
              47.5378537
            ],
            [
              7.6083075,
              47.5379015
            ],
            [
              7.6083475,
              47.5379424
            ],
            [
              7.6083757,
              47.5379574
            ],
            [
              7.6083933,
              47.5379594
            ],
            [
              7.608409,
              47.5379549
            ],
            [
              7.60844,
              47.5379326
            ],
            [
              7.6084746,
              47.5378973
            ],
            [
              7.6085035,
              47.537856
            ],
            [
              7.6085111,
              47.5378261
            ],
            [
              7.6085032,
              47.5378058
            ],
            [
              7.6084909,
              47.5377955
            ],
            [
              7.6084662,
              47.5377861
            ],
            [
              7.6084228,
              47.5377751
            ],
            [
              7.6083802,
              47.5377742
            ],
            [
              7.6083295,
              47.5377783
            ],
            [
              7.608307,
              47.5377851
            ],
            [
              7.6082901,
              47.5377972
            ]
          ],
          [
            [
              7.6086193,
              47.5372409
            ],
            [
              7.6085785,
              47.5372783
            ],
            [
              7.6084682,
              47.5373791
            ],
            [
              7.6083474,
              47.5374896
            ],
            [
              7.6083171,
              47.5375172
            ],
            [
              7.6083533,
              47.5375353
            ],
            [
              7.6084845,
              47.5376012
            ],
            [
              7.6086521,
              47.5376852
            ],
            [
              7.6086895,
              47.537651
            ],
            [
              7.6087549,
              47.5375913
            ],
            [
              7.6089167,
              47.5374433
            ],
            [
              7.6089544,
              47.5374089
            ],
            [
              7.6086193,
              47.5372409
            ]
          ]
        ]
      },
      "id": "relation/17138439"
    },
    {
      "type": "Feature",
      "properties": {
        "@id": "relation/18283637",
        "area": "yes",
        "highway": "pedestrian",
        "lit": "yes",
        "paving_stones:orientation": "across",
        "paving_stones:shape": "rectangle",
        "surface": "paving_stones",
        "type": "multipolygon"
      },
      "geometry": {
        "type": "Polygon",
        "coordinates": [
          [
            [
              7.5919225,
              47.5539107
            ],
            [
              7.5919547,
              47.5539215
            ],
            [
              7.5920151,
              47.5539369
            ],
            [
              7.5920897,
              47.5539577
            ],
            [
              7.5920738,
              47.5539804
            ],
            [
              7.5919036,
              47.5542229
            ],
            [
              7.5918622,
              47.554282
            ],
            [
              7.5918869,
              47.55429
            ],
            [
              7.5918664,
              47.5543214
            ],
            [
              7.5918433,
              47.5543164
            ],
            [
              7.5918399,
              47.5543184
            ],
            [
              7.5918305,
              47.5543301
            ],
            [
              7.591821,
              47.5543418
            ],
            [
              7.5918039,
              47.5543641
            ],
            [
              7.5917867,
              47.5543864
            ],
            [
              7.5917816,
              47.554393
            ],
            [
              7.5917642,
              47.5544177
            ],
            [
              7.5917625,
              47.5544206
            ],
            [
              7.5917605,
              47.55442
            ],
            [
              7.5917281,
              47.5544624
            ],
            [
              7.5917086,
              47.5544879
            ],
            [
              7.5916505,
              47.5545637
            ],
            [
              7.5916261,
              47.5545955
            ],
            [
              7.5915829,
              47.5546526
            ],
            [
              7.5915571,
              47.5546866
            ],
            [
              7.5915456,
              47.5546903
            ],
            [
              7.5915631,
              47.5547212
            ],
            [
              7.5915753,
              47.5547185
            ],
            [
              7.5916071,
              47.5547267
            ],
            [
              7.5915988,
              47.5547583
            ],
            [
              7.591584,
              47.5548118
            ],
            [
              7.5915631,
              47.5548521
            ],
            [
              7.5915594,
              47.554853
            ],
            [
              7.591556,
              47.5548532
            ],
            [
              7.5915017,
              47.5548655
            ],
            [
              7.591481,
              47.5548702
            ],
            [
              7.5914809,
              47.5548708
            ],
            [
              7.591418,
              47.5548936
            ],
            [
              7.5913501,
              47.5549181
            ],
            [
              7.5913292,
              47.5549257
            ],
            [
              7.5913247,
              47.5549281
            ],
            [
              7.5912208,
              47.5550086
            ],
            [
              7.5911961,
              47.5550391
            ],
            [
              7.591148,
              47.5550985
            ],
            [
              7.591146,
              47.5551021
            ],
            [
              7.591145,
              47.5551027
            ],
            [
              7.5911277,
              47.5551351
            ],
            [
              7.5911192,
              47.5551511
            ],
            [
              7.5911174,
              47.555153
            ],
            [
              7.5911206,
              47.5551877
            ],
            [
              7.5911246,
              47.5552289
            ],
            [
              7.5911323,
              47.5552559
            ],
            [
              7.5911449,
              47.5553007
            ],
            [
              7.5911496,
              47.5553212
            ],
            [
              7.5911512,
              47.5553284
            ],
            [
              7.591117,
              47.5553309
            ],
            [
              7.5910855,
              47.5553335
            ],
            [
              7.5910833,
              47.5553214
            ],
            [
              7.5910816,
              47.555321
            ],
            [
              7.5909928,
              47.555293
            ],
            [
              7.5909552,
              47.5552812
            ],
            [
              7.5909336,
              47.5552744
            ],
            [
              7.5908556,
              47.5553474
            ],
            [
              7.5907903,
              47.5554084
            ],
            [
              7.5907518,
              47.5554571
            ],
            [
              7.5907525,
              47.5554574
            ],
            [
              7.5907501,
              47.5554605
            ],
            [
              7.5907577,
              47.5554632
            ],
            [
              7.5907503,
              47.5554728
            ],
            [
              7.5907418,
              47.5554698
            ],
            [
              7.5906398,
              47.5555991
            ],
            [
              7.5905569,
              47.5557041
            ],
            [
              7.5905653,
              47.5557072
            ],
            [
              7.5905609,
              47.5557127
            ],
            [
              7.5905542,
              47.5557102
            ],
            [
              7.5905521,
              47.5557128
            ],
            [
              7.5905505,
              47.5557122
            ],
            [
              7.590525,
              47.5557444
            ],
            [
              7.5905124,
              47.5557603
            ],
            [
              7.5904412,
              47.5558505
            ],
            [
              7.5904325,
              47.5558478
            ],
            [
              7.5903985,
              47.5558911
            ],
            [
              7.590406,
              47.5558941
            ],
            [
              7.5903937,
              47.5559125
            ],
            [
              7.5903637,
              47.555949
            ],
            [
              7.5903337,
              47.5559854
            ],
            [
              7.5902945,
              47.5560299
            ],
            [
              7.5902538,
              47.5560766
            ],
            [
              7.5901763,
              47.5561578
            ],
            [
              7.590137,
              47.5561991
            ],
            [
              7.5901364,
              47.5561996
            ],
            [
              7.5901393,
              47.5562009
            ],
            [
              7.5901364,
              47.556204
            ],
            [
              7.5901335,
              47.5562028
            ],
            [
              7.5900637,
              47.556276
            ],
            [
              7.5900445,
              47.5562961
            ],
            [
              7.5900504,
              47.5562986
            ],
            [
              7.5900366,
              47.5563129
            ],
            [
              7.5900292,
              47.5563098
            ],
            [
              7.5900261,
              47.5563133
            ],
            [
              7.5899972,
              47.5563441
            ],
            [
              7.5899717,
              47.5563712
            ],
            [
              7.5899677,
              47.556376
            ],
            [
              7.5899455,
              47.5563993
            ],
            [
              7.5899167,
              47.5564295
            ],
            [
              7.5899112,
              47.5564346
            ],
            [
              7.5899078,
              47.5564398
            ],
            [
              7.5898977,
              47.5564477
            ],
            [
              7.5898148,
              47.5565332
            ],
            [
              7.5897614,
              47.5565883
            ],
            [
              7.5897593,
              47.55659
            ],
            [
              7.589716,
              47.5566342
            ],
            [
              7.5894557,
              47.5568996
            ],
            [
              7.589417,
              47.5569391
            ],
            [
              7.5893783,
              47.5569833
            ],
            [
              7.5893514,
              47.557014
            ],
            [
              7.589352,
              47.5570142
            ],
            [
              7.5893497,
              47.5570158
            ],
            [
              7.5893444,
              47.5570207
            ],
            [
              7.5893467,
              47.5570217
            ],
            [
              7.5893266,
              47.5570434
            ],
            [
              7.5893243,
              47.5570424
            ],
            [
              7.5893189,
              47.5570482
            ],
            [
              7.5893212,
              47.5570492
            ],
            [
              7.589308,
              47.5570634
            ],
            [
              7.5893011,
              47.5570708
            ],
            [
              7.5892987,
              47.5570698
            ],
            [
              7.5892919,
              47.5570772
            ],
            [
              7.5893051,
              47.5570844
            ],
            [
              7.589294,
              47.5570936
            ],
            [
              7.5892865,
              47.5571006
            ],
            [
              7.5892833,
              47.5570986
            ],
            [
              7.5892212,
              47.5571401
            ],
            [
              7.5891747,
              47.5571713
            ],
            [
              7.5890941,
              47.5572253
            ],
            [
              7.5890365,
              47.5572638
            ],
            [
              7.5889472,
              47.5573289
            ],
            [
              7.5889001,
              47.5573632
            ],
            [
              7.5888983,
              47.5573641
            ],
            [
              7.5888309,
              47.5574174
            ],
            [
              7.5888085,
              47.5574351
            ],
            [
              7.5888077,
              47.5574364
            ],
            [
              7.588806,
              47.5574355
            ],
            [
              7.5888014,
              47.5574392
            ],
            [
              7.5887698,
              47.5574649
            ],
            [
              7.5887481,
              47.5574826
            ],
            [
              7.5887485,
              47.5574831
            ],
            [
              7.5887476,
              47.5574826
            ],
            [
              7.5887436,
              47.5574847
            ],
            [
              7.5887037,
              47.5575162
            ],
            [
              7.5886961,
              47.5575222
            ],
            [
              7.5886863,
              47.55753
            ],
            [
              7.5886458,
              47.5575614
            ],
            [
              7.5886472,
              47.5575636
            ],
            [
              7.5886445,
              47.5575657
            ],
            [
              7.5886039,
              47.5575979
            ],
            [
              7.5885626,
              47.5576306
            ],
            [
              7.5885058,
              47.5576756
            ],
            [
              7.5885025,
              47.5576742
            ],
            [
              7.5885014,
              47.5576754
            ],
            [
              7.5884406,
              47.5577367
            ],
            [
              7.5884248,
              47.5577526
            ],
            [
              7.5884169,
              47.5577617
            ],
            [
              7.5884033,
              47.5577558
            ],
            [
              7.5883585,
              47.5577344
            ],
            [
              7.5883003,
              47.557708
            ],
            [
              7.5883228,
              47.5576874
            ],
            [
              7.5883441,
              47.5576681
            ],
            [
              7.5883342,
              47.5576631
            ],
            [
              7.5883926,
              47.55761
            ],
            [
              7.5884174,
              47.5575875
            ],
            [
              7.5884818,
              47.5575287
            ],
            [
              7.5885177,
              47.5574984
            ],
            [
              7.5885537,
              47.5574681
            ],
            [
              7.5885699,
              47.5574545
            ],
            [
              7.5885708,
              47.557455
            ],
            [
              7.588573,
              47.5574526
            ],
            [
              7.5885869,
              47.5574407
            ],
            [
              7.5886257,
              47.5574075
            ],
            [
              7.5886382,
              47.557398
            ],
            [
              7.5886804,
              47.557366
            ],
            [
              7.5887215,
              47.5573347
            ],
            [
              7.5887708,
              47.557297
            ],
            [
              7.5887746,
              47.5572953
            ],
            [
              7.5887909,
              47.5572827
            ],
            [
              7.5888448,
              47.5572396
            ],
            [
              7.5888538,
              47.5572324
            ],
            [
              7.5888563,
              47.5572339
            ],
            [
              7.5888808,
              47.5572134
            ],
            [
              7.588943,
              47.557165
            ],
            [
              7.588946,
              47.5571627
            ],
            [
              7.5889528,
              47.5571577
            ],
            [
              7.5889726,
              47.5571432
            ],
            [
              7.5889702,
              47.5571418
            ],
            [
              7.5890335,
              47.5570937
            ],
            [
              7.5890486,
              47.5570819
            ],
            [
              7.5891565,
              47.5569966
            ],
            [
              7.589156,
              47.5569948
            ],
            [
              7.5891622,
              47.556992
            ],
            [
              7.5891815,
              47.5569852
            ],
            [
              7.5891946,
              47.5569731
            ],
            [
              7.5891982,
              47.5569705
            ],
            [
              7.589198,
              47.5569666
            ],
            [
              7.5891993,
              47.5569518
            ],
            [
              7.5892574,
              47.5568966
            ],
            [
              7.5893039,
              47.5568579
            ],
            [
              7.5893118,
              47.5568513
            ],
            [
              7.5893446,
              47.5568176
            ],
            [
              7.5894073,
              47.5567533
            ],
            [
              7.5894394,
              47.5567202
            ],
            [
              7.5894404,
              47.5567195
            ],
            [
              7.5894744,
              47.5566846
            ],
            [
              7.5895171,
              47.5566408
            ],
            [
              7.5895177,
              47.5566399
            ],
            [
              7.5895375,
              47.5566195
            ],
            [
              7.5895698,
              47.5565863
            ],
            [
              7.5895932,
              47.5565623
            ],
            [
              7.5896461,
              47.556508
            ],
            [
              7.5896731,
              47.5564802
            ],
            [
              7.5897173,
              47.5564347
            ],
            [
              7.5897202,
              47.5564316
            ],
            [
              7.5897212,
              47.556432
            ],
            [
              7.589759,
              47.5563929
            ],
            [
              7.5898376,
              47.5563116
            ],
            [
              7.5898416,
              47.5563074
            ],
            [
              7.5898477,
              47.556301
            ],
            [
              7.5898761,
              47.5562718
            ],
            [
              7.5899479,
              47.5561981
            ],
            [
              7.5899795,
              47.5561596
            ],
            [
              7.5899997,
              47.5561442
            ],
            [
              7.5900113,
              47.5561319
            ],
            [
              7.5900734,
              47.5560666
            ],
            [
              7.5900893,
              47.5560499
            ],
            [
              7.5901458,
              47.5559904
            ],
            [
              7.5901586,
              47.5559753
            ],
            [
              7.5902091,
              47.5559157
            ],
            [
              7.5902313,
              47.5558878
            ],
            [
              7.5903006,
              47.5558006
            ],
            [
              7.5903099,
              47.5557889
            ],
            [
              7.5903191,
              47.5557771
            ],
            [
              7.5903329,
              47.5557595
            ],
            [
              7.5903674,
              47.5557156
            ],
            [
              7.5903831,
              47.5556956
            ],
            [
              7.5904344,
              47.5556304
            ],
            [
              7.5904513,
              47.5556108
            ],
            [
              7.5904722,
              47.5555825
            ],
            [
              7.5904933,
              47.5555558
            ],
            [
              7.5905868,
              47.5554377
            ],
            [
              7.5905878,
              47.5554381
            ],
            [
              7.5905913,
              47.5554337
            ],
            [
              7.5905888,
              47.5554327
            ],
            [
              7.5905999,
              47.5554195
            ],
            [
              7.5906103,
              47.5554071
            ],
            [
              7.5906134,
              47.5554032
            ],
            [
              7.5906231,
              47.555391
            ],
            [
              7.5906327,
              47.5553787
            ],
            [
              7.5906359,
              47.5553747
            ],
            [
              7.5906554,
              47.5553485
            ],
            [
              7.590658,
              47.5553494
            ],
            [
              7.5906619,
              47.5553437
            ],
            [
              7.5906606,
              47.5553416
            ],
            [
              7.5907016,
              47.5552769
            ],
            [
              7.5907344,
              47.5552285
            ],
            [
              7.5908137,
              47.555158
            ],
            [
              7.5909151,
              47.5550678
            ],
            [
              7.5908831,
              47.555044
            ],
            [
              7.5909242,
              47.5550173
            ],
            [
              7.5909841,
              47.5549797
            ],
            [
              7.5909942,
              47.5549872
            ],
            [
              7.5910317,
              47.5549862
            ],
            [
              7.5910857,
              47.5549381
            ],
            [
              7.5911445,
              47.5548858
            ],
            [
              7.5911748,
              47.5548589
            ],
            [
              7.5911832,
              47.5548632
            ],
            [
              7.5911947,
              47.5548528
            ],
            [
              7.591203,
              47.5548453
            ],
            [
              7.5911948,
              47.5548411
            ],
            [
              7.5912242,
              47.5548149
            ],
            [
              7.5912217,
              47.5548136
            ],
            [
              7.5912227,
              47.5548129
            ],
            [
              7.591226,
              47.5548105
            ],
            [
              7.5912225,
              47.5548086
            ],
            [
              7.5912304,
              47.5547949
            ],
            [
              7.5912326,
              47.5547939
            ],
            [
              7.5912474,
              47.5547895
            ],
            [
              7.5912593,
              47.5547827
            ],
            [
              7.5912677,
              47.5547736
            ],
            [
              7.5912754,
              47.5547627
            ],
            [
              7.5912765,
              47.5547604
            ],
            [
              7.591284,
              47.5547469
            ],
            [
              7.5912967,
              47.5547238
            ],
            [
              7.5913173,
              47.5547295
            ],
            [
              7.5913276,
              47.5547206
            ],
            [
              7.5913353,
              47.5547091
            ],
            [
              7.591337,
              47.5547077
            ],
            [
              7.5913482,
              47.5547021
            ],
            [
              7.5913585,
              47.5546913
            ],
            [
              7.5913616,
              47.5546805
            ],
            [
              7.5913578,
              47.5546698
            ],
            [
              7.5913486,
              47.5546612
            ],
            [
              7.5913735,
              47.5546222
            ],
            [
              7.5914039,
              47.5545722
            ],
            [
              7.5914245,
              47.5545777
            ],
            [
              7.591457,
              47.5545694
            ],
            [
              7.5914764,
              47.5545432
            ],
            [
              7.5914783,
              47.5545406
            ],
            [
              7.5915106,
              47.554498
            ],
            [
              7.5915114,
              47.5544983
            ],
            [
              7.5915878,
              47.5543985
            ],
            [
              7.5915852,
              47.5543976
            ],
            [
              7.5915873,
              47.5543948
            ],
            [
              7.5915897,
              47.5543959
            ],
            [
              7.5916681,
              47.5542935
            ],
            [
              7.5917332,
              47.5542085
            ],
            [
              7.5917475,
              47.5541897
            ],
            [
              7.5917661,
              47.5541655
            ],
            [
              7.5917635,
              47.5541645
            ],
            [
              7.5917664,
              47.5541607
            ],
            [
              7.591774,
              47.554151
            ],
            [
              7.5917777,
              47.5541514
            ],
            [
              7.5918333,
              47.5540675
            ],
            [
              7.5918358,
              47.5540682
            ],
            [
              7.5918486,
              47.5540491
            ],
            [
              7.5918626,
              47.5540281
            ],
            [
              7.5918599,
              47.5540273
            ],
            [
              7.5919124,
              47.5539493
            ],
            [
              7.5919167,
              47.553943
            ],
            [
              7.591912,
              47.5539399
            ],
            [
              7.5919097,
              47.5539384
            ],
            [
              7.5919004,
              47.5539314
            ],
            [
              7.5919088,
              47.5539263
            ],
            [
              7.5919157,
              47.5539202
            ],
            [
              7.5919225,
              47.5539107
            ]
          ]
        ]
      },
      "id": "relation/18283637"
    },
    {
      "type": "Feature",
      "properties": {
        "@id": "relation/19564612",
        "highway": "pedestrian",
        "layer": "-1",
        "lit": "yes",
        "name": "Münsterplatz",
        "surface": "sett",
        "type": "multipolygon",
        "wikidata": "Q693910"
      },
      "geometry": {
        "type": "Polygon",
        "coordinates": [
          [
            [
              7.5923683,
              47.5567035
            ],
            [
              7.5923908,
              47.556736
            ],
            [
              7.5924351,
              47.5567704
            ],
            [
              7.5924103,
              47.5567862
            ],
            [
              7.5923829,
              47.5568037
            ],
            [
              7.5922984,
              47.5567436
            ],
            [
              7.5923012,
              47.5567418
            ],
            [
              7.5922917,
              47.556735
            ],
            [
              7.5922838,
              47.5567434
            ],
            [
              7.592116,
              47.5568485
            ],
            [
              7.5919654,
              47.5569427
            ],
            [
              7.5919608,
              47.5569456
            ],
            [
              7.5919648,
              47.5569484
            ],
            [
              7.5918482,
              47.5570331
            ],
            [
              7.5916994,
              47.5571371
            ],
            [
              7.5916775,
              47.5571256
            ],
            [
              7.5915656,
              47.5570668
            ],
            [
              7.5915201,
              47.5570428
            ],
            [
              7.5915273,
              47.5570366
            ],
            [
              7.5914907,
              47.5570174
            ],
            [
              7.5914835,
              47.5570238
            ],
            [
              7.5913713,
              47.5569645
            ],
            [
              7.5912835,
              47.5570389
            ],
            [
              7.5912167,
              47.5570955
            ],
            [
              7.5911773,
              47.5571282
            ],
            [
              7.5911841,
              47.5571349
            ],
            [
              7.591169,
              47.5571562
            ],
            [
              7.5911329,
              47.5571937
            ],
            [
              7.5910788,
              47.5572144
            ],
            [
              7.5910328,
              47.5572339
            ],
            [
              7.5910267,
              47.5572286
            ],
            [
              7.5910258,
              47.5572291
            ],
            [
              7.5909332,
              47.5571494
            ],
            [
              7.5908911,
              47.5571072
            ],
            [
              7.590849,
              47.5570651
            ],
            [
              7.5908301,
              47.5570461
            ],
            [
              7.5908075,
              47.5570235
            ],
            [
              7.5908934,
              47.5569698
            ],
            [
              7.5908961,
              47.5569715
            ],
            [
              7.5909011,
              47.5569674
            ],
            [
              7.5908144,
              47.5569202
            ],
            [
              7.5907628,
              47.5568956
            ],
            [
              7.5907806,
              47.5568652
            ],
            [
              7.5907927,
              47.5568417
            ],
            [
              7.5908008,
              47.5568341
            ],
            [
              7.5907987,
              47.5568329
            ],
            [
              7.5910214,
              47.5566612
            ],
            [
              7.5911944,
              47.5565098
            ],
            [
              7.5912646,
              47.5564438
            ],
            [
              7.5913452,
              47.556368
            ],
            [
              7.5913456,
              47.5563676
            ],
            [
              7.5914021,
              47.5563119
            ],
            [
              7.5914683,
              47.5562466
            ],
            [
              7.5915456,
              47.5561575
            ],
            [
              7.5916286,
              47.5560618
            ],
            [
              7.5917172,
              47.5559689
            ],
            [
              7.5917787,
              47.5559071
            ],
            [
              7.592047,
              47.5560541
            ],
            [
              7.5920738,
              47.556095
            ],
            [
              7.5920983,
              47.5561288
            ],
            [
              7.5920524,
              47.5561754
            ],
            [
              7.592047,
              47.5561728
            ],
            [
              7.5920418,
              47.5561778
            ],
            [
              7.5920471,
              47.5561803
            ],
            [
              7.5920042,
              47.5562209
            ],
            [
              7.5919978,
              47.5562178
            ],
            [
              7.5919953,
              47.5562202
            ],
            [
              7.5919882,
              47.5562168
            ],
            [
              7.5919828,
              47.5562221
            ],
            [
              7.5919954,
              47.5562281
            ],
            [
              7.5919837,
              47.5562394
            ],
            [
              7.5919712,
              47.5562335
            ],
            [
              7.5919675,
              47.5562372
            ],
            [
              7.5919729,
              47.5562541
            ],
            [
              7.59195,
              47.5562768
            ],
            [
              7.5919443,
              47.5562825
            ],
            [
              7.5919188,
              47.5562848
            ],
            [
              7.5919152,
              47.5562885
            ],
            [
              7.5919277,
              47.5562946
            ],
            [
              7.5919162,
              47.5563058
            ],
            [
              7.5919032,
              47.5563005
            ],
            [
              7.591899,
              47.5563056
            ],
            [
              7.5919038,
              47.5563078
            ],
            [
              7.5918993,
              47.5563123
            ],
            [
              7.5919031,
              47.556314
            ],
            [
              7.5919025,
              47.556316
            ],
            [
              7.5918667,
              47.55635
            ],
            [
              7.5918645,
              47.5563511
            ],
            [
              7.5918607,
              47.5563492
            ],
            [
              7.5918543,
              47.5563552
            ],
            [
              7.5918593,
              47.5563577
            ],
            [
              7.5918086,
              47.5564027
            ],
            [
              7.5918159,
              47.5564063
            ],
            [
              7.5918175,
              47.5564047
            ],
            [
              7.5918927,
              47.5564412
            ],
            [
              7.5918849,
              47.5564486
            ],
            [
              7.5918919,
              47.556452
            ],
            [
              7.5918999,
              47.5564447
            ],
            [
              7.5919548,
              47.5564719
            ],
            [
              7.5919468,
              47.5564792
            ],
            [
              7.5919538,
              47.5564827
            ],
            [
              7.5919619,
              47.5564753
            ],
            [
              7.5920163,
              47.556502
            ],
            [
              7.5920081,
              47.5565095
            ],
            [
              7.5920148,
              47.5565129
            ],
            [
              7.5920229,
              47.5565057
            ],
            [
              7.5920614,
              47.5565248
            ],
            [
              7.5920533,
              47.5565322
            ],
            [
              7.5920604,
              47.5565357
            ],
            [
              7.5920685,
              47.5565285
            ],
            [
              7.5921211,
              47.5565549
            ],
            [
              7.5921133,
              47.556562
            ],
            [
              7.5921202,
              47.5565656
            ],
            [
              7.5921282,
              47.5565585
            ],
            [
              7.5921668,
              47.5565778
            ],
            [
              7.5921593,
              47.5565849
            ],
            [
              7.5921661,
              47.5565884
            ],
            [
              7.5921739,
              47.5565811
            ],
            [
              7.5922057,
              47.5565973
            ],
            [
              7.5921786,
              47.5566027
            ],
            [
              7.5921822,
              47.5566112
            ],
            [
              7.5922394,
              47.5566011
            ],
            [
              7.5923629,
              47.5566625
            ],
            [
              7.5923654,
              47.5566818
            ],
            [
              7.5923683,
              47.5567035
            ]
          ],
          [
            [
              7.5917146,
              47.5564812
            ],
            [
              7.5913661,
              47.5568697
            ],
            [
              7.5916867,
              47.557037
            ],
            [
              7.5921838,
              47.5567105
            ],
            [
              7.5917146,
              47.5564812
            ]
          ]
        ]
      },
      "id": "relation/19564612"
    },
    {
      "type": "Feature",
      "properties": {
        "@id": "relation/20321318",
        "area": "yes",
        "highway": "pedestrian",
        "lit": "yes",
        "type": "multipolygon"
      },
      "geometry": {
        "type": "Polygon",
        "coordinates": [
          [
            [
              7.5846217,
              47.5594816
            ],
            [
              7.5845826,
              47.5594849
            ],
            [
              7.5845683,
              47.5594492
            ],
            [
              7.5845461,
              47.5593787
            ],
            [
              7.5845242,
              47.5592674
            ],
            [
              7.5845148,
              47.5592019
            ],
            [
              7.5845089,
              47.5591642
            ],
            [
              7.5845472,
              47.5591582
            ],
            [
              7.584809,
              47.5591331
            ],
            [
              7.5848027,
              47.5590893
            ],
            [
              7.5848848,
              47.559076
            ],
            [
              7.5849194,
              47.559077
            ],
            [
              7.5849131,
              47.5591327
            ],
            [
              7.5848999,
              47.5591756
            ],
            [
              7.584897,
              47.5592315
            ],
            [
              7.5848643,
              47.559231
            ],
            [
              7.584864,
              47.5592402
            ],
            [
              7.5848967,
              47.5592412
            ],
            [
              7.5848948,
              47.5592816
            ],
            [
              7.5848931,
              47.5593203
            ],
            [
              7.5848606,
              47.5593201
            ],
            [
              7.5848603,
              47.5593295
            ],
            [
              7.5848926,
              47.55933
            ],
            [
              7.5848909,
              47.5593803
            ],
            [
              7.5848904,
              47.559397
            ],
            [
              7.5848926,
              47.5593998
            ],
            [
              7.5848966,
              47.5594013
            ],
            [
              7.5848962,
              47.5594275
            ],
            [
              7.5848959,
              47.5594534
            ],
            [
              7.5848031,
              47.5594571
            ],
            [
              7.5847706,
              47.5594583
            ],
            [
              7.5846961,
              47.5594699
            ],
            [
              7.5846217,
              47.5594816
            ]
          ],
          [
            [
              7.5845802,
              47.5592565
            ],
            [
              7.5845897,
              47.5593251
            ],
            [
              7.5845938,
              47.559335
            ],
            [
              7.5846024,
              47.5593435
            ],
            [
              7.5846146,
              47.5593497
            ],
            [
              7.584629,
              47.5593529
            ],
            [
              7.5846443,
              47.5593527
            ],
            [
              7.5846586,
              47.5593492
            ],
            [
              7.5846705,
              47.5593428
            ],
            [
              7.5846787,
              47.5593342
            ],
            [
              7.5846823,
              47.5593242
            ],
            [
              7.5846809,
              47.559314
            ],
            [
              7.5846721,
              47.5592509
            ],
            [
              7.5846714,
              47.5592454
            ],
            [
              7.5846651,
              47.5592359
            ],
            [
              7.5846546,
              47.5592284
            ],
            [
              7.584641,
              47.5592235
            ],
            [
              7.5846258,
              47.559222
            ],
            [
              7.5846107,
              47.5592238
            ],
            [
              7.5845973,
              47.5592289
            ],
            [
              7.5845871,
              47.5592366
            ],
            [
              7.5845812,
              47.5592461
            ],
            [
              7.5845802,
              47.5592565
            ]
          ]
        ]
      },
      "id": "relation/20321318"
    },
    {
      "type": "Feature",
      "properties": {
        "@id": "way/23466709",
        "area": "yes",
        "highway": "pedestrian",
        "lit": "yes",
        "name": "Andreasplatz",
        "name:etymology:wikidata": "Q43399",
        "start_date": "1241",
        "surface": "unhewn_cobblestone",
        "wikidata": "Q17038011"
      },
      "geometry": {
        "type": "Polygon",
        "coordinates": [
          [
            [
              7.5865977,
              47.5580734
            ],
            [
              7.5865955,
              47.5581053
            ],
            [
              7.5866021,
              47.5581338
            ],
            [
              7.5866093,
              47.5581582
            ],
            [
              7.586613,
              47.5582426
            ],
            [
              7.5865323,
              47.5582493
            ],
            [
              7.5864449,
              47.5582547
            ],
            [
              7.5862835,
              47.5582645
            ],
            [
              7.5862129,
              47.5582699
            ],
            [
              7.5862282,
              47.5581743
            ],
            [
              7.5862427,
              47.5581545
            ],
            [
              7.586262,
              47.5581405
            ],
            [
              7.5862834,
              47.5581392
            ],
            [
              7.5862743,
              47.5580826
            ],
            [
              7.586298,
              47.5580805
            ],
            [
              7.5862992,
              47.5580797
            ],
            [
              7.5863035,
              47.5580771
            ],
            [
              7.5863821,
              47.5580698
            ],
            [
              7.5863855,
              47.5580692
            ],
            [
              7.5864908,
              47.5580706
            ],
            [
              7.5865977,
              47.5580734
            ]
          ]
        ]
      },
      "id": "way/23466709"
    },
    {
      "type": "Feature",
      "properties": {
        "@id": "way/25168221",
        "area": "yes",
        "bicycle": "yes",
        "covered": "building_passage",
        "highway": "pedestrian",
        "layer": "-1",
        "lit": "yes",
        "name": "Messeplatz",
        "smoothness": "excellent",
        "surface": "asphalt"
      },
      "geometry": {
        "type": "Polygon",
        "coordinates": [
          [
            [
              7.6004225,
              47.5641933
            ],
            [
              7.5993444,
              47.5638955
            ],
            [
              7.5992683,
              47.5638808
            ],
            [
              7.599308,
              47.5638191
            ],
            [
              7.5992754,
              47.5638097
            ],
            [
              7.5993285,
              47.5637221
            ],
            [
              7.5995006,
              47.5634361
            ],
            [
              7.5995598,
              47.5633378
            ],
            [
              7.5996631,
              47.5633667
            ],
            [
              7.6005204,
              47.5636064
            ],
            [
              7.6006658,
              47.5636454
            ],
            [
              7.6007363,
              47.5636685
            ],
            [
              7.600706,
              47.5637206
            ],
            [
              7.6007016,
              47.5637278
            ],
            [
              7.6006881,
              47.5637503
            ],
            [
              7.6006218,
              47.5638601
            ],
            [
              7.6004225,
              47.5641933
            ]
          ]
        ]
      },
      "id": "way/25168221"
    },
    {
      "type": "Feature",
      "properties": {
        "@id": "way/26532389",
        "addr:city": "Basel",
        "addr:housenumber": "5",
        "addr:postcode": "4053",
        "addr:street": "Dorenbachviadukt",
        "building": "retail",
        "building:levels": "1"
      },
      "geometry": {
        "type": "Polygon",
        "coordinates": [
          [
            [
              7.5764037,
              47.5443769
            ],
            [
              7.5764096,
              47.5444054
            ],
            [
              7.5764975,
              47.544397
            ],
            [
              7.5765037,
              47.5444263
            ],
            [
              7.5764163,
              47.5444347
            ],
            [
              7.5764415,
              47.5445557
            ],
            [
              7.5763852,
              47.5445611
            ],
            [
              7.5763606,
              47.5444433
            ],
            [
              7.5763479,
              47.5443822
            ],
            [
              7.5764037,
              47.5443769
            ]
          ]
        ]
      },
      "id": "way/26532389"
    },
    {
      "type": "Feature",
      "properties": {
        "@id": "way/26611328",
        "amenity": "restaurant",
        "building": "retail",
        "check_date": "2024-08-28",
        "indoor_seating": "yes",
        "name": "Cafeteria",
        "outdoor_seating": "yes",
        "payment:cash": "yes",
        "payment:credit_cards": "yes",
        "payment:debit_cards": "yes",
        "smoking": "outside",
        "wheelchair": "yes"
      },
      "geometry": {
        "type": "Polygon",
        "coordinates": [
          [
            [
              7.5820189,
              47.5490465
            ],
            [
              7.5819071,
              47.5491462
            ],
            [
              7.5817622,
              47.5490678
            ],
            [
              7.5818025,
              47.5490326
            ],
            [
              7.5817952,
              47.5490244
            ],
            [
              7.5817793,
              47.5490243
            ],
            [
              7.5817756,
              47.5489443
            ],
            [
              7.5818414,
              47.5489429
            ],
            [
              7.5818878,
              47.548942
            ],
            [
              7.5818888,
              47.5489649
            ],
            [
              7.5820189,
              47.5490465
            ]
          ]
        ]
      },
      "id": "way/26611328"
    },
    {
      "type": "Feature",
      "properties": {
        "@id": "way/26611337",
        "amenity": "restaurant",
        "building": "retail",
        "indoor_seating": "yes",
        "name": "Zoo Restaurant",
        "outdoor_seating": "yes",
        "self_service": "only",
        "smoking": "outside"
      },
      "geometry": {
        "type": "Polygon",
        "coordinates": [
          [
            [
              7.5774096,
              47.5478306
            ],
            [
              7.5774948,
              47.5477237
            ],
            [
              7.5773857,
              47.5476835
            ],
            [
              7.5774579,
              47.5475921
            ],
            [
              7.5774396,
              47.5475853
            ],
            [
              7.5775253,
              47.5474773
            ],
            [
              7.5775803,
              47.5474973
            ],
            [
              7.577576,
              47.5475002
            ],
            [
              7.5775604,
              47.5475198
            ],
            [
              7.5777971,
              47.5476058
            ],
            [
              7.5778004,
              47.5476016
            ],
            [
              7.577806,
              47.5476037
            ],
            [
              7.5778022,
              47.547606
            ],
            [
              7.5777976,
              47.5476101
            ],
            [
              7.5777938,
              47.5476166
            ],
            [
              7.5777931,
              47.5476204
            ],
            [
              7.5777937,
              47.5476261
            ],
            [
              7.5777954,
              47.5476297
            ],
            [
              7.5777746,
              47.5476413
            ],
            [
              7.5777653,
              47.5476531
            ],
            [
              7.5778376,
              47.5476794
            ],
            [
              7.5778954,
              47.5477004
            ],
            [
              7.5779049,
              47.5476884
            ],
            [
              7.5779077,
              47.5476704
            ],
            [
              7.5779152,
              47.5476686
            ],
            [
              7.5779239,
              47.5476645
            ],
            [
              7.5779274,
              47.5476618
            ],
            [
              7.5779323,
              47.5476554
            ],
            [
              7.5779338,
              47.5476501
            ],
            [
              7.5779395,
              47.5476521
            ],
            [
              7.5779361,
              47.5476563
            ],
            [
              7.5781727,
              47.5477423
            ],
            [
              7.5781882,
              47.5477226
            ],
            [
              7.5781895,
              47.5477185
            ],
            [
              7.5782448,
              47.5477385
            ],
            [
              7.5781606,
              47.5478449
            ],
            [
              7.5781423,
              47.547838
            ],
            [
              7.5780681,
              47.5479317
            ],
            [
              7.5779587,
              47.547892
            ],
            [
              7.5779334,
              47.5479244
            ],
            [
              7.5778746,
              47.5479996
            ],
            [
              7.5778213,
              47.5479798
            ],
            [
              7.5778161,
              47.5479863
            ],
            [
              7.5777546,
              47.5479638
            ],
            [
              7.5777596,
              47.5479576
            ],
            [
              7.5776308,
              47.5479109
            ],
            [
              7.5774096,
              47.5478306
            ]
          ]
        ]
      },
      "id": "way/26611337"
    },
    {
      "type": "Feature",
      "properties": {
        "@id": "way/27145915",
        "area": "yes",
        "highway": "pedestrian",
        "lit": "yes",
        "noname": "yes",
        "surface": "paving_stones"
      },
      "geometry": {
        "type": "Polygon",
        "coordinates": [
          [
            [
              7.593952,
              47.5541683
            ],
            [
              7.5940805,
              47.553983
            ],
            [
              7.5941463,
              47.5538881
            ],
            [
              7.5944051,
              47.5539706
            ],
            [
              7.5942111,
              47.5542505
            ],
            [
              7.5940773,
              47.5542081
            ],
            [
              7.5940301,
              47.5541931
            ],
            [
              7.593952,
              47.5541683
            ]
          ]
        ]
      },
      "id": "way/27145915"
    },
    {
      "type": "Feature",
      "properties": {
        "@id": "way/27145995",
        "area": "yes",
        "highway": "pedestrian",
        "name": "Maja Sacher-Platz",
        "name:etymology:wikidata": "Q1885994",
        "surface": "paved",
        "wikidata": "Q123296121"
      },
      "geometry": {
        "type": "Polygon",
        "coordinates": [
          [
            [
              7.6020497,
              47.5543545
            ],
            [
              7.6020545,
              47.554396
            ],
            [
              7.6020751,
              47.5545736
            ],
            [
              7.6019922,
              47.55458
            ],
            [
              7.6019061,
              47.5545818
            ],
            [
              7.6018404,
              47.5545813
            ],
            [
              7.6018271,
              47.5545812
            ],
            [
              7.6018266,
              47.554582
            ],
            [
              7.6017906,
              47.5545827
            ],
            [
              7.6017886,
              47.554574
            ],
            [
              7.6017708,
              47.5544538
            ],
            [
              7.6017587,
              47.5543744
            ],
            [
              7.6020497,
              47.5543545
            ]
          ]
        ]
      },
      "id": "way/27145995"
    },
    {
      "type": "Feature",
      "properties": {
        "@id": "way/45893863",
        "building": "retail",
        "building:levels": "2",
        "roof:levels": "2",
        "source": "Geodaten Kanton Basel-Stadt"
      },
      "geometry": {
        "type": "Polygon",
        "coordinates": [
          [
            [
              7.577218,
              47.5537772
            ],
            [
              7.5772208,
              47.5537763
            ],
            [
              7.577223,
              47.5537782
            ],
            [
              7.5772617,
              47.5537857
            ],
            [
              7.5772659,
              47.5537853
            ],
            [
              7.5772668,
              47.5537874
            ],
            [
              7.5773042,
              47.5537949
            ],
            [
              7.5773051,
              47.5537926
            ],
            [
              7.577313,
              47.553794
            ],
            [
              7.5773157,
              47.5537899
            ],
            [
              7.5773179,
              47.5537881
            ],
            [
              7.577327,
              47.5537831
            ],
            [
              7.5773398,
              47.5537794
            ],
            [
              7.5773537,
              47.5537791
            ],
            [
              7.5773583,
              47.5537796
            ],
            [
              7.5774488,
              47.5535613
            ],
            [
              7.5775239,
              47.553577
            ],
            [
              7.5776066,
              47.5535931
            ],
            [
              7.5775121,
              47.5538114
            ],
            [
              7.5776624,
              47.55384
            ],
            [
              7.5776352,
              47.5539038
            ],
            [
              7.5776221,
              47.5539343
            ],
            [
              7.5769754,
              47.5538066
            ],
            [
              7.5769722,
              47.5538066
            ],
            [
              7.5769711,
              47.5538049
            ],
            [
              7.5769739,
              47.5538033
            ],
            [
              7.576982,
              47.5537837
            ],
            [
              7.576981,
              47.5537814
            ],
            [
              7.5769835,
              47.5537803
            ],
            [
              7.5769924,
              47.5537605
            ],
            [
              7.5769908,
              47.553759
            ],
            [
              7.5769927,
              47.5537571
            ],
            [
              7.5770016,
              47.5537373
            ],
            [
              7.5770011,
              47.553735
            ],
            [
              7.5770047,
              47.5537345
            ],
            [
              7.5770061,
              47.5537365
            ],
            [
              7.5770441,
              47.5537438
            ],
            [
              7.5770475,
              47.5537427
            ],
            [
              7.5770495,
              47.5537447
            ],
            [
              7.5770877,
              47.5537519
            ],
            [
              7.5770913,
              47.5537512
            ],
            [
              7.5770928,
              47.5537533
            ],
            [
              7.5771308,
              47.5537604
            ],
            [
              7.5771343,
              47.5537596
            ],
            [
              7.5771361,
              47.5537617
            ],
            [
              7.5771745,
              47.5537688
            ],
            [
              7.5771773,
              47.5537678
            ],
            [
              7.5771796,
              47.5537698
            ],
            [
              7.577218,
              47.5537772
            ]
          ]
        ]
      },
      "id": "way/45893863"
    },
    {
      "type": "Feature",
      "properties": {
        "@id": "way/48232292",
        "addr:city": "Basel",
        "addr:housenumber": "195",
        "addr:postcode": "4052",
        "addr:street": "St. Alban-Rheinweg",
        "building": "retail",
        "name": "Rheinbad",
        "source": "Yahoo",
        "sport": "swimming"
      },
      "geometry": {
        "type": "Polygon",
        "coordinates": [
          [
            [
              7.6104737,
              47.5563963
            ],
            [
              7.6105552,
              47.5561997
            ],
            [
              7.6105719,
              47.5561919
            ],
            [
              7.6114263,
              47.5563952
            ],
            [
              7.6113265,
              47.5565968
            ],
            [
              7.6104737,
              47.5563963
            ]
          ]
        ]
      },
      "id": "way/48232292"
    },
    {
      "type": "Feature",
      "properties": {
        "@id": "way/93487019",
        "addr:city": "Basel",
        "addr:housenumber": "315",
        "addr:postcode": "4058",
        "addr:street": "Riehenstrasse",
        "alt_name": "Migros Eglisee",
        "branch": "Basel Eglisee",
        "brand": "Migros",
        "brand:wikidata": "Q680727",
        "building": "retail",
        "cash_withdrawal": "migros_bank;postfinance_card",
        "cash_withdrawal:fee": "no",
        "cash_withdrawal:purchase_required": "no",
        "cash_withdrawal:type": "checkout",
        "check_date": "2026-03-14",
        "check_date:opening_hours": "2026-03-14",
        "name": "Migros",
        "opening_hours": "Mo-Fr 08:00-19:00; Sa 08:00-18:00; PH off",
        "operator": "Genossenschaft Migros Basel",
        "shop": "supermarket",
        "website": "https://filialen.migros.ch/de/migros-supermarkt-basel-eglisee",
        "wheelchair": "yes"
      },
      "geometry": {
        "type": "Polygon",
        "coordinates": [
          [
            [
              7.6151984,
              47.5703127
            ],
            [
              7.6150179,
              47.5702156
            ],
            [
              7.6154978,
              47.5698063
            ],
            [
              7.6155406,
              47.5698293
            ],
            [
              7.6156783,
              47.5699034
            ],
            [
              7.6151984,
              47.5703127
            ]
          ]
        ]
      },
      "id": "way/93487019"
    },
    {
      "type": "Feature",
      "properties": {
        "@id": "way/93770188",
        "building": "retail",
        "name": "Erlen-Pavillon"
      },
      "geometry": {
        "type": "Polygon",
        "coordinates": [
          [
            [
              7.6101592,
              47.574262
            ],
            [
              7.6103014,
              47.5742693
            ],
            [
              7.6102584,
              47.574557
            ],
            [
              7.6101243,
              47.5745497
            ],
            [
              7.6101592,
              47.574262
            ]
          ]
        ]
      },
      "id": "way/93770188"
    },
    {
      "type": "Feature",
      "properties": {
        "@id": "way/100788581",
        "building": "retail",
        "source": "Geodaten Kanton Basel-Stadt"
      },
      "geometry": {
        "type": "Polygon",
        "coordinates": [
          [
            [
              7.5979587,
              47.5479141
            ],
            [
              7.5979025,
              47.5479761
            ],
            [
              7.5978721,
              47.5480096
            ],
            [
              7.5976976,
              47.5479369
            ],
            [
              7.5977838,
              47.5478417
            ],
            [
              7.5979587,
              47.5479141
            ]
          ]
        ]
      },
      "id": "way/100788581"
    },
    {
      "type": "Feature",
      "properties": {
        "@id": "way/100971457",
        "addr:housenumber": "91",
        "addr:street": "Hammerstrasse",
        "building": "retail",
        "building:levels": "1",
        "roof:levels": "0"
      },
      "geometry": {
        "type": "Polygon",
        "coordinates": [
          [
            [
              7.5950417,
              47.5652395
            ],
            [
              7.5951354,
              47.565091
            ],
            [
              7.5952348,
              47.5649332
            ],
            [
              7.5954302,
              47.5649892
            ],
            [
              7.5952719,
              47.5652402
            ],
            [
              7.595237,
              47.5652955
            ],
            [
              7.5950417,
              47.5652395
            ]
          ]
        ]
      },
      "id": "way/100971457"
    },
    {
      "type": "Feature",
      "properties": {
        "@id": "way/117389255",
        "building": "retail",
        "source": "Geodaten Kanton Basel-Stadt"
      },
      "geometry": {
        "type": "Polygon",
        "coordinates": [
          [
            [
              7.5841132,
              47.5496509
            ],
            [
              7.58418,
              47.5495996
            ],
            [
              7.5843174,
              47.5496818
            ],
            [
              7.5843229,
              47.5496777
            ],
            [
              7.5843723,
              47.5497073
            ],
            [
              7.5844604,
              47.54976
            ],
            [
              7.5844551,
              47.5497642
            ],
            [
              7.5845931,
              47.5498464
            ],
            [
              7.5845256,
              47.5498976
            ],
            [
              7.5841132,
              47.5496509
            ]
          ]
        ]
      },
      "id": "way/117389255"
    },
    {
      "type": "Feature",
      "properties": {
        "@id": "way/117484097",
        "building": "retail",
        "building:levels": "2",
        "name": "Markthalle",
        "roof:levels": "1",
        "source": "Geodaten Kanton Basel-Stadt"
      },
      "geometry": {
        "type": "Polygon",
        "coordinates": [
          [
            [
              7.5878813,
              47.549065
            ],
            [
              7.5878899,
              47.5490999
            ],
            [
              7.587919,
              47.5492171
            ],
            [
              7.5879362,
              47.5492863
            ],
            [
              7.5878222,
              47.5492995
            ],
            [
              7.5877972,
              47.5493024
            ],
            [
              7.5878044,
              47.5493778
            ],
            [
              7.5878029,
              47.5493843
            ],
            [
              7.5877837,
              47.5494651
            ],
            [
              7.587594,
              47.5494247
            ],
            [
              7.5874973,
              47.5495492
            ],
            [
              7.5876225,
              47.5496563
            ],
            [
              7.5876771,
              47.5496534
            ],
            [
              7.587661,
              47.5496675
            ],
            [
              7.5876376,
              47.5496809
            ],
            [
              7.5876105,
              47.5496906
            ],
            [
              7.5875723,
              47.5496968
            ],
            [
              7.5875444,
              47.5496967
            ],
            [
              7.5875019,
              47.5496889
            ],
            [
              7.5871614,
              47.5495734
            ],
            [
              7.5871377,
              47.5495609
            ],
            [
              7.5871141,
              47.5495398
            ],
            [
              7.5871063,
              47.5495407
            ],
            [
              7.5871059,
              47.5495693
            ],
            [
              7.5870761,
              47.5495726
            ],
            [
              7.5870456,
              47.549576
            ],
            [
              7.5870317,
              47.549549
            ],
            [
              7.5870107,
              47.5495513
            ],
            [
              7.5869707,
              47.549589
            ],
            [
              7.5869469,
              47.549581
            ],
            [
              7.5868066,
              47.5495333
            ],
            [
              7.5866755,
              47.5494977
            ],
            [
              7.5865317,
              47.5495336
            ],
            [
              7.5864928,
              47.5494626
            ],
            [
              7.5864527,
              47.5494727
            ],
            [
              7.5864391,
              47.5494477
            ],
            [
              7.5863895,
              47.5493567
            ],
            [
              7.5863571,
              47.5492973
            ],
            [
              7.586321,
              47.549231
            ],
            [
              7.5863616,
              47.5492215
            ],
            [
              7.586357,
              47.5492091
            ],
            [
              7.5863497,
              47.5491892
            ],
            [
              7.5863477,
              47.5491671
            ],
            [
              7.5863531,
              47.549136
            ],
            [
              7.5863755,
              47.549096
            ],
            [
              7.5864109,
              47.5490631
            ],
            [
              7.5864347,
              47.5490484
            ],
            [
              7.5864623,
              47.5490371
            ],
            [
              7.5864788,
              47.5490304
            ],
            [
              7.5864701,
              47.5489958
            ],
            [
              7.5868653,
              47.548951
            ],
            [
              7.5868815,
              47.5490155
            ],
            [
              7.5869683,
              47.5490056
            ],
            [
              7.5869692,
              47.549009
            ],
            [
              7.587042,
              47.5490008
            ],
            [
              7.5871166,
              47.5489924
            ],
            [
              7.5871158,
              47.5489888
            ],
            [
              7.5872026,
              47.548979
            ],
            [
              7.5871867,
              47.5489145
            ],
            [
              7.5872183,
              47.5489109
            ],
            [
              7.5875817,
              47.5488697
            ],
            [
              7.5875904,
              47.5489043
            ],
            [
              7.5876352,
              47.5489142
            ],
            [
              7.5876559,
              47.5489187
            ],
            [
              7.5876963,
              47.5489335
            ],
            [
              7.5877583,
              47.5489681
            ],
            [
              7.5878137,
              47.5490223
            ],
            [
              7.5878384,
              47.54907
            ],
            [
              7.5878813,
              47.549065
            ]
          ]
        ]
      },
      "id": "way/117484097"
    },
    {
      "type": "Feature",
      "properties": {
        "@id": "way/119443840",
        "area": "yes",
        "highway": "pedestrian",
        "lit": "yes",
        "name": "Christoph Merian-Platz",
        "name:etymology:wikidata": "Q122485",
        "smoothness": "good",
        "start_date": "1903",
        "surface": "asphalt",
        "wikidata": "Q123250696"
      },
      "geometry": {
        "type": "Polygon",
        "coordinates": [
          [
            [
              7.6119177,
              47.5491745
            ],
            [
              7.6120592,
              47.5491436
            ],
            [
              7.6122475,
              47.5491025
            ],
            [
              7.6124591,
              47.5492102
            ],
            [
              7.6124762,
              47.549219
            ],
            [
              7.6124641,
              47.5493511
            ],
            [
              7.6123785,
              47.5493513
            ],
            [
              7.6124901,
              47.5495739
            ],
            [
              7.6124185,
              47.5495871
            ],
            [
              7.6121375,
              47.5496459
            ],
            [
              7.6119177,
              47.5491745
            ]
          ]
        ]
      },
      "id": "way/119443840"
    },
    {
      "type": "Feature",
      "properties": {
        "@id": "way/128876579",
        "addr:city": "Basel",
        "addr:housenumber": "397",
        "addr:postcode": "4052",
        "addr:street": "St. Jakobs-Strasse",
        "building": "supermarket",
        "level": "0;-1;-2",
        "name": "Shopping Center St. Jakob-Park",
        "opening_hours": "Mo-Fr 09:00-20:00; Sa 09:00-18:00",
        "operator": "Wincasa AG",
        "phone": "+41613778111",
        "shop": "mall",
        "toilets:wheelchair": "yes",
        "website": "https://www.st-jakob-park.com/",
        "wheelchair": "yes"
      },
      "geometry": {
        "type": "Polygon",
        "coordinates": [
          [
            [
              7.6185953,
              47.5412214
            ],
            [
              7.6189396,
              47.5410412
            ],
            [
              7.6190634,
              47.5410053
            ],
            [
              7.6193809,
              47.5409132
            ],
            [
              7.6199637,
              47.5407442
            ],
            [
              7.6202155,
              47.5406712
            ],
            [
              7.6204075,
              47.5406155
            ],
            [
              7.62045,
              47.5406833
            ],
            [
              7.6207221,
              47.5406123
            ],
            [
              7.6206084,
              47.5407764
            ],
            [
              7.6188511,
              47.5412906
            ],
            [
              7.6185953,
              47.5412214
            ]
          ]
        ]
      },
      "id": "way/128876579"
    },
    {
      "type": "Feature",
      "properties": {
        "@id": "way/132752525",
        "building": "retail",
        "source": "Geodaten Kanton Basel-Stadt"
      },
      "geometry": {
        "type": "Polygon",
        "coordinates": [
          [
            [
              7.5951321,
              47.5513836
            ],
            [
              7.595053,
              47.5513307
            ],
            [
              7.5950553,
              47.5513292
            ],
            [
              7.5950619,
              47.5513338
            ],
            [
              7.5950695,
              47.5513286
            ],
            [
              7.5950904,
              47.5513143
            ],
            [
              7.5950837,
              47.5513098
            ],
            [
              7.5950859,
              47.5513083
            ],
            [
              7.595165,
              47.5513611
            ],
            [
              7.5951321,
              47.5513836
            ]
          ]
        ]
      },
      "id": "way/132752525"
    },
    {
      "type": "Feature",
      "properties": {
        "@id": "way/137472414",
        "building": "retail",
        "name": "Pfauen",
        "shop": "department_store"
      },
      "geometry": {
        "type": "Polygon",
        "coordinates": [
          [
            [
              7.5911472,
              47.5557573
            ],
            [
              7.5910985,
              47.5557346
            ],
            [
              7.5910471,
              47.5557855
            ],
            [
              7.5909165,
              47.5559149
            ],
            [
              7.5908951,
              47.5559362
            ],
            [
              7.5908819,
              47.5559493
            ],
            [
              7.5908763,
              47.5559466
            ],
            [
              7.590837,
              47.5559861
            ],
            [
              7.5908286,
              47.5559826
            ],
            [
              7.5908252,
              47.5559859
            ],
            [
              7.5907764,
              47.5560363
            ],
            [
              7.5906643,
              47.5559881
            ],
            [
              7.5906661,
              47.555986
            ],
            [
              7.590406,
              47.5558941
            ],
            [
              7.5903985,
              47.5558911
            ],
            [
              7.5904325,
              47.5558478
            ],
            [
              7.5904412,
              47.5558505
            ],
            [
              7.5905124,
              47.5557603
            ],
            [
              7.5907605,
              47.5558527
            ],
            [
              7.5907903,
              47.5558138
            ],
            [
              7.5906479,
              47.5557568
            ],
            [
              7.5906487,
              47.5557495
            ],
            [
              7.5905521,
              47.5557128
            ],
            [
              7.5905542,
              47.5557102
            ],
            [
              7.5905609,
              47.5557127
            ],
            [
              7.5905653,
              47.5557072
            ],
            [
              7.5905569,
              47.5557041
            ],
            [
              7.5906398,
              47.5555991
            ],
            [
              7.5907418,
              47.5554698
            ],
            [
              7.5907503,
              47.5554728
            ],
            [
              7.5907577,
              47.5554632
            ],
            [
              7.5907501,
              47.5554605
            ],
            [
              7.5907525,
              47.5554574
            ],
            [
              7.5908603,
              47.5554967
            ],
            [
              7.5909017,
              47.5555118
            ],
            [
              7.5909061,
              47.5555134
            ],
            [
              7.5909372,
              47.5555288
            ],
            [
              7.5909525,
              47.5555336
            ],
            [
              7.5909928,
              47.5555461
            ],
            [
              7.5910107,
              47.5555205
            ],
            [
              7.5910335,
              47.5554878
            ],
            [
              7.5911191,
              47.5555157
            ],
            [
              7.5911202,
              47.5555159
            ],
            [
              7.5911256,
              47.5555166
            ],
            [
              7.5911035,
              47.555587
            ],
            [
              7.5910954,
              47.5555989
            ],
            [
              7.5911138,
              47.5556078
            ],
            [
              7.5911505,
              47.5556257
            ],
            [
              7.5911635,
              47.5556165
            ],
            [
              7.5912367,
              47.5556629
            ],
            [
              7.5912415,
              47.5556649
            ],
            [
              7.5911472,
              47.5557573
            ]
          ]
        ]
      },
      "id": "way/137472414"
    },
    {
      "type": "Feature",
      "properties": {
        "@id": "way/137472477",
        "building": "retail"
      },
      "geometry": {
        "type": "Polygon",
        "coordinates": [
          [
            [
              7.5902538,
              47.5560766
            ],
            [
              7.5902945,
              47.5560299
            ],
            [
              7.5903337,
              47.5559854
            ],
            [
              7.5905816,
              47.5560828
            ],
            [
              7.5905791,
              47.5560856
            ],
            [
              7.5906318,
              47.5561051
            ],
            [
              7.5906888,
              47.5561268
            ],
            [
              7.5905886,
              47.5562302
            ],
            [
              7.5905429,
              47.5562048
            ],
            [
              7.5905351,
              47.5562003
            ],
            [
              7.5904317,
              47.5561538
            ],
            [
              7.5904301,
              47.5561553
            ],
            [
              7.5902538,
              47.5560766
            ]
          ]
        ]
      },
      "id": "way/137472477"
    },
    {
      "type": "Feature",
      "properties": {
        "@id": "way/143768970",
        "building": "retail",
        "source": "Geodaten Kanton Basel-Stadt"
      },
      "geometry": {
        "type": "Polygon",
        "coordinates": [
          [
            [
              7.5926861,
              47.552967
            ],
            [
              7.5926353,
              47.5529264
            ],
            [
              7.5924373,
              47.5526938
            ],
            [
              7.5923439,
              47.5525851
            ],
            [
              7.5924022,
              47.5525414
            ],
            [
              7.5922891,
              47.55245
            ],
            [
              7.5923404,
              47.5524167
            ],
            [
              7.5923157,
              47.55239
            ],
            [
              7.5921861,
              47.5522989
            ],
            [
              7.5922424,
              47.5522624
            ],
            [
              7.5923913,
              47.5521657
            ],
            [
              7.5925382,
              47.5520703
            ],
            [
              7.5926627,
              47.5521584
            ],
            [
              7.5927681,
              47.5522752
            ],
            [
              7.5927725,
              47.5522734
            ],
            [
              7.5928937,
              47.5524093
            ],
            [
              7.5928891,
              47.5524111
            ],
            [
              7.5930636,
              47.5526173
            ],
            [
              7.5930564,
              47.5526239
            ],
            [
              7.5930663,
              47.5526337
            ],
            [
              7.5928528,
              47.5528355
            ],
            [
              7.5927156,
              47.5529652
            ],
            [
              7.5927005,
              47.5529602
            ],
            [
              7.592691,
              47.5529694
            ],
            [
              7.5926895,
              47.5529687
            ],
            [
              7.5926861,
              47.552967
            ]
          ]
        ]
      },
      "id": "way/143768970"
    },
    {
      "type": "Feature",
      "properties": {
        "@id": "way/145265323",
        "area": "yes",
        "highway": "pedestrian",
        "lit": "yes",
        "name": "Pfalz",
        "smoothness": "good",
        "surface": "asphalt",
        "wikidata": "Q123281407"
      },
      "geometry": {
        "type": "Polygon",
        "coordinates": [
          [
            [
              7.5924351,
              47.5567704
            ],
            [
              7.5926425,
              47.5569285
            ],
            [
              7.5926526,
              47.5569333
            ],
            [
              7.5926643,
              47.5569325
            ],
            [
              7.5926735,
              47.5569279
            ],
            [
              7.5929878,
              47.5567415
            ],
            [
              7.5929956,
              47.5567355
            ],
            [
              7.5929988,
              47.5567279
            ],
            [
              7.5929961,
              47.556721
            ],
            [
              7.592855,
              47.5566154
            ],
            [
              7.5928667,
              47.5566071
            ],
            [
              7.5928788,
              47.5565985
            ],
            [
              7.5928918,
              47.5565915
            ],
            [
              7.5930736,
              47.5567326
            ],
            [
              7.5926504,
              47.5569931
            ],
            [
              7.5925333,
              47.5568991
            ],
            [
              7.5925221,
              47.5568901
            ],
            [
              7.5925116,
              47.5568818
            ],
            [
              7.5924467,
              47.556859
            ],
            [
              7.5924572,
              47.5568524
            ],
            [
              7.592445,
              47.5568432
            ],
            [
              7.5924419,
              47.5568452
            ],
            [
              7.5924234,
              47.5568323
            ],
            [
              7.5924315,
              47.5568266
            ],
            [
              7.5924321,
              47.5568176
            ],
            [
              7.5924158,
              47.5568063
            ],
            [
              7.5924032,
              47.5568059
            ],
            [
              7.5923942,
              47.5568117
            ],
            [
              7.5923829,
              47.5568037
            ],
            [
              7.5924103,
              47.5567862
            ],
            [
              7.5924351,
              47.5567704
            ]
          ]
        ]
      },
      "id": "way/145265323"
    },
    {
      "type": "Feature",
      "properties": {
        "@id": "way/147488544",
        "building": "retail"
      },
      "geometry": {
        "type": "Polygon",
        "coordinates": [
          [
            [
              7.587111,
              47.5576458
            ],
            [
              7.5871073,
              47.5576455
            ],
            [
              7.5870964,
              47.5576971
            ],
            [
              7.587084,
              47.5576949
            ],
            [
              7.587037,
              47.5576866
            ],
            [
              7.5870436,
              47.5576476
            ],
            [
              7.587062,
              47.5575651
            ],
            [
              7.5870692,
              47.5575654
            ],
            [
              7.5870955,
              47.5575711
            ],
            [
              7.5871266,
              47.5575779
            ],
            [
              7.587111,
              47.5576458
            ]
          ]
        ]
      },
      "id": "way/147488544"
    },
    {
      "type": "Feature",
      "properties": {
        "@id": "way/147629675",
        "building": "retail"
      },
      "geometry": {
        "type": "Polygon",
        "coordinates": [
          [
            [
              7.5868497,
              47.5563447
            ],
            [
              7.5867103,
              47.5563869
            ],
            [
              7.5866026,
              47.5564194
            ],
            [
              7.5864769,
              47.5564574
            ],
            [
              7.5864375,
              47.556389
            ],
            [
              7.5864185,
              47.5563562
            ],
            [
              7.5864412,
              47.5563507
            ],
            [
              7.586441,
              47.5563538
            ],
            [
              7.586623,
              47.5563047
            ],
            [
              7.5866214,
              47.5563006
            ],
            [
              7.5867894,
              47.5562547
            ],
            [
              7.5868497,
              47.5563447
            ]
          ]
        ]
      },
      "id": "way/147629675"
    },
    {
      "type": "Feature",
      "properties": {
        "@id": "way/147634217",
        "addr:city": "Basel",
        "addr:housenumber": "8",
        "addr:postcode": "4051",
        "addr:street": "Gemsberg",
        "building": "retail",
        "name": "Galerie Carzaniga",
        "opening_hours": "Mo-Fr 09:00-18:00; Sa 10:00-16:00",
        "operator": "Galerie Carzaniga GmbH",
        "tourism": "gallery",
        "website": "https://www.carzaniga.ch/",
        "wikidata": "Q131937401"
      },
      "geometry": {
        "type": "Polygon",
        "coordinates": [
          [
            [
              7.5863074,
              47.5562674
            ],
            [
              7.5862923,
              47.5562727
            ],
            [
              7.5863111,
              47.5562965
            ],
            [
              7.5863131,
              47.556391
            ],
            [
              7.5863138,
              47.5564234
            ],
            [
              7.5862099,
              47.5564365
            ],
            [
              7.5860898,
              47.5562646
            ],
            [
              7.586283,
              47.5562014
            ],
            [
              7.5863074,
              47.5562674
            ]
          ]
        ]
      },
      "id": "way/147634217"
    },
    {
      "type": "Feature",
      "properties": {
        "@id": "way/147634470",
        "architect": "Rudolf Sandreuter",
        "architect:wikidata": "Q113150933",
        "building": "retail",
        "heritage": "6",
        "name": "Haus zum braunen Mutz",
        "wikidata": "Q138018794",
        "wikimedia_commons": "Category:Zum Braunen Mutz (Barfüsserplatz 10, Basel)"
      },
      "geometry": {
        "type": "Polygon",
        "coordinates": [
          [
            [
              7.5885845,
              47.5544814
            ],
            [
              7.5885767,
              47.5544575
            ],
            [
              7.588561,
              47.5544607
            ],
            [
              7.5885541,
              47.5544427
            ],
            [
              7.5885711,
              47.5544405
            ],
            [
              7.5885573,
              47.5544082
            ],
            [
              7.5885398,
              47.5544132
            ],
            [
              7.5884988,
              47.5543383
            ],
            [
              7.5887632,
              47.5543075
            ],
            [
              7.5887793,
              47.5544487
            ],
            [
              7.5887859,
              47.5545065
            ],
            [
              7.5887849,
              47.5545065
            ],
            [
              7.5885976,
              47.5545227
            ],
            [
              7.5885904,
              47.5545022
            ],
            [
              7.5885746,
              47.5545042
            ],
            [
              7.5885685,
              47.5544836
            ],
            [
              7.5885845,
              47.5544814
            ]
          ]
        ]
      },
      "id": "way/147634470"
    },
    {
      "type": "Feature",
      "properties": {
        "@id": "way/147636151",
        "building": "retail"
      },
      "geometry": {
        "type": "Polygon",
        "coordinates": [
          [
            [
              7.5884194,
              47.5553883
            ],
            [
              7.5885016,
              47.5554253
            ],
            [
              7.5884608,
              47.555473
            ],
            [
              7.5884588,
              47.5554723
            ],
            [
              7.5883386,
              47.5554257
            ],
            [
              7.5883654,
              47.5554133
            ],
            [
              7.5884194,
              47.5553883
            ]
          ]
        ]
      },
      "id": "way/147636151"
    },
    {
      "type": "Feature",
      "properties": {
        "@id": "way/147637015",
        "building": "retail"
      },
      "geometry": {
        "type": "Polygon",
        "coordinates": [
          [
            [
              7.590518,
              47.5554155
            ],
            [
              7.5905913,
              47.5553239
            ],
            [
              7.5905926,
              47.5553234
            ],
            [
              7.5905998,
              47.5553246
            ],
            [
              7.5905988,
              47.5553264
            ],
            [
              7.5906512,
              47.5553408
            ],
            [
              7.5906522,
              47.5553391
            ],
            [
              7.5906606,
              47.5553416
            ],
            [
              7.5906619,
              47.5553437
            ],
            [
              7.590658,
              47.5553494
            ],
            [
              7.5906554,
              47.5553485
            ],
            [
              7.5906359,
              47.5553747
            ],
            [
              7.5906327,
              47.5553787
            ],
            [
              7.5906231,
              47.555391
            ],
            [
              7.5906134,
              47.5554032
            ],
            [
              7.5906103,
              47.5554071
            ],
            [
              7.5905999,
              47.5554195
            ],
            [
              7.5905888,
              47.5554327
            ],
            [
              7.5905913,
              47.5554337
            ],
            [
              7.5905878,
              47.5554381
            ],
            [
              7.5905868,
              47.5554377
            ],
            [
              7.590518,
              47.5554155
            ]
          ]
        ]
      },
      "id": "way/147637015"
    },
    {
      "type": "Feature",
      "properties": {
        "@id": "way/147637520",
        "building": "retail"
      },
      "geometry": {
        "type": "Polygon",
        "coordinates": [
          [
            [
              7.5859864,
              47.5566236
            ],
            [
              7.5859041,
              47.5566523
            ],
            [
              7.5858774,
              47.5566303
            ],
            [
              7.5858741,
              47.5566276
            ],
            [
              7.5859803,
              47.5565919
            ],
            [
              7.5860359,
              47.5565746
            ],
            [
              7.5860443,
              47.5565737
            ],
            [
              7.5860988,
              47.5565678
            ],
            [
              7.5862957,
              47.5565739
            ],
            [
              7.5862744,
              47.5566555
            ],
            [
              7.5862781,
              47.5566561
            ],
            [
              7.5862762,
              47.5566614
            ],
            [
              7.5862725,
              47.5566608
            ],
            [
              7.5862582,
              47.5566995
            ],
            [
              7.5862451,
              47.5567347
            ],
            [
              7.5862258,
              47.5567685
            ],
            [
              7.5861586,
              47.5568859
            ],
            [
              7.5860483,
              47.556849
            ],
            [
              7.5860704,
              47.5568175
            ],
            [
              7.5860357,
              47.5568041
            ],
            [
              7.5860376,
              47.5568017
            ],
            [
              7.5859925,
              47.5567782
            ],
            [
              7.5859954,
              47.5567752
            ],
            [
              7.5859696,
              47.5567523
            ],
            [
              7.585923,
              47.556711
            ],
            [
              7.585938,
              47.5566965
            ],
            [
              7.586007,
              47.5567595
            ],
            [
              7.5860562,
              47.5567183
            ],
            [
              7.5861081,
              47.5567365
            ],
            [
              7.5861491,
              47.5566639
            ],
            [
              7.5861629,
              47.5566038
            ],
            [
              7.5860447,
              47.5566098
            ],
            [
              7.5860452,
              47.5566228
            ],
            [
              7.5859864,
              47.5566236
            ]
          ]
        ]
      },
      "id": "way/147637520"
    },
    {
      "type": "Feature",
      "properties": {
        "@id": "way/147638122",
        "building": "retail",
        "building:levels": "1",
        "name": "Zum Kuss",
        "source": "Geodaten Kanton Basel-Stadt"
      },
      "geometry": {
        "type": "Polygon",
        "coordinates": [
          [
            [
              7.5902036,
              47.5499633
            ],
            [
              7.59019,
              47.5499542
            ],
            [
              7.5901647,
              47.5499724
            ],
            [
              7.590092,
              47.549926
            ],
            [
              7.5900336,
              47.5498887
            ],
            [
              7.590075,
              47.5498142
            ],
            [
              7.5902389,
              47.5499188
            ],
            [
              7.5902145,
              47.5499365
            ],
            [
              7.5902286,
              47.5499457
            ],
            [
              7.5902036,
              47.5499633
            ]
          ]
        ]
      },
      "id": "way/147638122"
    },
    {
      "type": "Feature",
      "properties": {
        "@id": "way/147738247",
        "building": "retail"
      },
      "geometry": {
        "type": "Polygon",
        "coordinates": [
          [
            [
              7.5879546,
              47.5573864
            ],
            [
              7.5879191,
              47.557456
            ],
            [
              7.5878849,
              47.5575228
            ],
            [
              7.5877916,
              47.5574984
            ],
            [
              7.5877943,
              47.5574937
            ],
            [
              7.5876644,
              47.5574608
            ],
            [
              7.5876519,
              47.5575119
            ],
            [
              7.5875948,
              47.5574993
            ],
            [
              7.5875957,
              47.5574942
            ],
            [
              7.5875515,
              47.5574816
            ],
            [
              7.5874988,
              47.5575904
            ],
            [
              7.5874393,
              47.5575772
            ],
            [
              7.5871262,
              47.5575066
            ],
            [
              7.5870539,
              47.5574903
            ],
            [
              7.5871064,
              47.5573836
            ],
            [
              7.5871222,
              47.5573635
            ],
            [
              7.5872509,
              47.5573925
            ],
            [
              7.5873061,
              47.5572716
            ],
            [
              7.5874257,
              47.5573047
            ],
            [
              7.5874265,
              47.557303
            ],
            [
              7.5875446,
              47.557336
            ],
            [
              7.5875421,
              47.5573404
            ],
            [
              7.5875924,
              47.5573501
            ],
            [
              7.5876144,
              47.5572956
            ],
            [
              7.5877607,
              47.5573285
            ],
            [
              7.5879708,
              47.5573844
            ],
            [
              7.5879678,
              47.5573897
            ],
            [
              7.5879604,
              47.5573879
            ],
            [
              7.5879546,
              47.5573864
            ]
          ]
        ]
      },
      "id": "way/147738247"
    },
    {
      "type": "Feature",
      "properties": {
        "@id": "way/147748893",
        "alt_name": "Haus zum roten Turm",
        "architect": "Emanuel La Roche;Adolf Benedict Stähelin",
        "architect:wikidata": "Q1334702;Q100234209",
        "building": "retail",
        "building:levels": "5",
        "heritage": "6",
        "name": "Genferhaus zum roten Turm",
        "roof:levels": "2",
        "wikidata": "Q139054811",
        "wikimedia_commons": "Category:Genferhaus zum roten Turm (Freie Strasse 2, Basel)"
      },
      "geometry": {
        "type": "Polygon",
        "coordinates": [
          [
            [
              7.5883342,
              47.5576631
            ],
            [
              7.5883441,
              47.5576681
            ],
            [
              7.5883228,
              47.5576874
            ],
            [
              7.5883003,
              47.557708
            ],
            [
              7.5882945,
              47.5577133
            ],
            [
              7.5882838,
              47.557709
            ],
            [
              7.588159,
              47.557666
            ],
            [
              7.58824,
              47.557561
            ],
            [
              7.5882502,
              47.5575383
            ],
            [
              7.5883926,
              47.55761
            ],
            [
              7.5883342,
              47.5576631
            ]
          ]
        ]
      },
      "id": "way/147748893"
    },
    {
      "type": "Feature",
      "properties": {
        "@id": "way/147755644",
        "architect": "Albert Eisenring;Willy Ruegger",
        "architect:wikidata": "Q138785846;Q138785857",
        "building": "retail",
        "heritage": "6",
        "wikidata": "Q138785642",
        "wikimedia_commons": "Category:Geschäftshaus Freie Strasse 29/Schlüsselberg 6 (Basel)"
      },
      "geometry": {
        "type": "Polygon",
        "coordinates": [
          [
            [
              7.589417,
              47.5569391
            ],
            [
              7.5896403,
              47.5570283
            ],
            [
              7.5897745,
              47.557082
            ],
            [
              7.5897341,
              47.5571231
            ],
            [
              7.5897033,
              47.5571544
            ],
            [
              7.5895318,
              47.5570828
            ],
            [
              7.5894869,
              47.5570641
            ],
            [
              7.5894841,
              47.5570673
            ],
            [
              7.589352,
              47.5570142
            ],
            [
              7.5893514,
              47.557014
            ],
            [
              7.5893783,
              47.5569833
            ],
            [
              7.589417,
              47.5569391
            ]
          ]
        ]
      },
      "id": "way/147755644"
    },
    {
      "type": "Feature",
      "properties": {
        "@id": "way/147949180",
        "building": "retail"
      },
      "geometry": {
        "type": "Polygon",
        "coordinates": [
          [
            [
              7.5893345,
              47.5574815
            ],
            [
              7.5891879,
              47.5573832
            ],
            [
              7.5890365,
              47.5572638
            ],
            [
              7.5890941,
              47.5572253
            ],
            [
              7.5891747,
              47.5571713
            ],
            [
              7.5892951,
              47.5572612
            ],
            [
              7.5893663,
              47.5573142
            ],
            [
              7.5894476,
              47.5573749
            ],
            [
              7.5894769,
              47.5573954
            ],
            [
              7.5894205,
              47.5574301
            ],
            [
              7.5893829,
              47.5574533
            ],
            [
              7.5893569,
              47.5574694
            ],
            [
              7.5893549,
              47.5574682
            ],
            [
              7.5893345,
              47.5574815
            ]
          ]
        ]
      },
      "id": "way/147949180"
    },
    {
      "type": "Feature",
      "properties": {
        "@id": "way/147961658",
        "building": "retail"
      },
      "geometry": {
        "type": "Polygon",
        "coordinates": [
          [
            [
              7.5874149,
              47.5590601
            ],
            [
              7.5874568,
              47.5591341
            ],
            [
              7.5874529,
              47.5591354
            ],
            [
              7.5872879,
              47.5591902
            ],
            [
              7.5872856,
              47.5591876
            ],
            [
              7.5872305,
              47.5590838
            ],
            [
              7.5872018,
              47.5590296
            ],
            [
              7.5872036,
              47.5590291
            ],
            [
              7.5873747,
              47.5589846
            ],
            [
              7.5874149,
              47.5590601
            ]
          ]
        ]
      },
      "id": "way/147961658"
    },
    {
      "type": "Feature",
      "properties": {
        "@id": "way/148034744",
        "building": "retail"
      },
      "geometry": {
        "type": "Polygon",
        "coordinates": [
          [
            [
              7.5875052,
              47.5608681
            ],
            [
              7.5874721,
              47.5608773
            ],
            [
              7.5874699,
              47.5608766
            ],
            [
              7.5873929,
              47.5608514
            ],
            [
              7.5872822,
              47.5608143
            ],
            [
              7.5872826,
              47.5608127
            ],
            [
              7.5873086,
              47.5607711
            ],
            [
              7.5873523,
              47.5607011
            ],
            [
              7.5873544,
              47.5606988
            ],
            [
              7.5873554,
              47.5606991
            ],
            [
              7.5874749,
              47.5607349
            ],
            [
              7.5874773,
              47.560731
            ],
            [
              7.5875418,
              47.5607541
            ],
            [
              7.5875717,
              47.5607637
            ],
            [
              7.5875052,
              47.5608681
            ]
          ]
        ]
      },
      "id": "way/148034744"
    },
    {
      "type": "Feature",
      "properties": {
        "@id": "way/148256552",
        "architect": "Rudolf Fechter;Rudolf Sandreuter",
        "architect:wikidata": "Q135008648;Q113150933",
        "building": "retail",
        "heritage": "6",
        "name": "Zum Kardinal",
        "wikidata": "Q140248127",
        "wikimedia_commons": "Category:Wohn- und Geschäftshaus Zum Kardinal (Freie Strasse 36/Pfluggässlein 4, Basel)"
      },
      "geometry": {
        "type": "Polygon",
        "coordinates": [
          [
            [
              7.5895728,
              47.5560872
            ],
            [
              7.5895873,
              47.5560908
            ],
            [
              7.5896464,
              47.5561053
            ],
            [
              7.5896067,
              47.5561935
            ],
            [
              7.5896639,
              47.556219
            ],
            [
              7.5898477,
              47.556301
            ],
            [
              7.5898416,
              47.5563074
            ],
            [
              7.5898376,
              47.5563116
            ],
            [
              7.589759,
              47.5563929
            ],
            [
              7.5897212,
              47.556432
            ],
            [
              7.5897202,
              47.5564316
            ],
            [
              7.5895221,
              47.5563673
            ],
            [
              7.5894536,
              47.5563451
            ],
            [
              7.589492,
              47.5562873
            ],
            [
              7.5894877,
              47.556286
            ],
            [
              7.5895247,
              47.5562292
            ],
            [
              7.5895361,
              47.5562075
            ],
            [
              7.5895495,
              47.556182
            ],
            [
              7.5895202,
              47.5561764
            ],
            [
              7.5895235,
              47.5561692
            ],
            [
              7.5895276,
              47.5561701
            ],
            [
              7.5895728,
              47.5560872
            ]
          ]
        ]
      },
      "id": "way/148256552"
    },
    {
      "type": "Feature",
      "properties": {
        "@id": "way/148256562",
        "building": "retail",
        "building:levels": "4",
        "roof:levels": "1"
      },
      "geometry": {
        "type": "Polygon",
        "coordinates": [
          [
            [
              7.5900734,
              47.5560666
            ],
            [
              7.5898452,
              47.555997
            ],
            [
              7.5897832,
              47.555978
            ],
            [
              7.5897839,
              47.5559759
            ],
            [
              7.5898217,
              47.5558896
            ],
            [
              7.5898287,
              47.5558915
            ],
            [
              7.5899629,
              47.5559276
            ],
            [
              7.5901458,
              47.5559904
            ],
            [
              7.5900893,
              47.5560499
            ],
            [
              7.5900734,
              47.5560666
            ]
          ]
        ]
      },
      "id": "way/148256562"
    },
    {
      "type": "Feature",
      "properties": {
        "@id": "way/148256573",
        "building": "retail",
        "building:levels": "4",
        "roof:levels": "1"
      },
      "geometry": {
        "type": "Polygon",
        "coordinates": [
          [
            [
              7.5898914,
              47.5558163
            ],
            [
              7.5900356,
              47.5558625
            ],
            [
              7.5902091,
              47.5559157
            ],
            [
              7.5901586,
              47.5559753
            ],
            [
              7.5901458,
              47.5559904
            ],
            [
              7.5899629,
              47.5559276
            ],
            [
              7.5898287,
              47.5558915
            ],
            [
              7.5898434,
              47.5558603
            ],
            [
              7.5898686,
              47.5558654
            ],
            [
              7.5898802,
              47.5558405
            ],
            [
              7.5898914,
              47.5558163
            ]
          ]
        ]
      },
      "id": "way/148256573"
    },
    {
      "type": "Feature",
      "properties": {
        "@id": "way/148349874",
        "building": "retail"
      },
      "geometry": {
        "type": "Polygon",
        "coordinates": [
          [
            [
              7.5864428,
              47.5585856
            ],
            [
              7.586438,
              47.5585332
            ],
            [
              7.5867353,
              47.5585228
            ],
            [
              7.5867346,
              47.5585247
            ],
            [
              7.5867344,
              47.5585384
            ],
            [
              7.5867342,
              47.5585656
            ],
            [
              7.5867341,
              47.5585721
            ],
            [
              7.5864428,
              47.5585856
            ]
          ]
        ]
      },
      "id": "way/148349874"
    },
    {
      "type": "Feature",
      "properties": {
        "@id": "way/148741078",
        "building": "retail",
        "building:levels": "2",
        "roof:levels": "0",
        "source": "Geodaten Kanton Basel-Stadt"
      },
      "geometry": {
        "type": "Polygon",
        "coordinates": [
          [
            [
              7.6207216,
              47.5441174
            ],
            [
              7.6206192,
              47.5438983
            ],
            [
              7.6206767,
              47.5438859
            ],
            [
              7.6207639,
              47.5438673
            ],
            [
              7.6208664,
              47.5440863
            ],
            [
              7.6207216,
              47.5441174
            ]
          ]
        ]
      },
      "id": "way/148741078"
    },
    {
      "type": "Feature",
      "properties": {
        "@id": "way/148876812",
        "building": "retail",
        "building:levels": "4",
        "elevation": "14",
        "source": "Geodaten Kanton Basel-Stadt"
      },
      "geometry": {
        "type": "Polygon",
        "coordinates": [
          [
            [
              7.5984633,
              47.5542376
            ],
            [
              7.5984259,
              47.5541025
            ],
            [
              7.5985081,
              47.5540936
            ],
            [
              7.5985437,
              47.5542194
            ],
            [
              7.5984876,
              47.5542321
            ],
            [
              7.5984633,
              47.5542376
            ]
          ]
        ]
      },
      "id": "way/148876812"
    },
    {
      "type": "Feature",
      "properties": {
        "@id": "way/150228748",
        "building": "retail",
        "source": "Geodaten Basel-Stadt"
      },
      "geometry": {
        "type": "Polygon",
        "coordinates": [
          [
            [
              7.5692875,
              47.5689385
            ],
            [
              7.5691776,
              47.5689151
            ],
            [
              7.5691231,
              47.5689034
            ],
            [
              7.5691653,
              47.5688075
            ],
            [
              7.5692711,
              47.568829
            ],
            [
              7.569275,
              47.5688202
            ],
            [
              7.5693007,
              47.5688254
            ],
            [
              7.5693138,
              47.5687958
            ],
            [
              7.5693674,
              47.5688067
            ],
            [
              7.569309,
              47.5689385
            ],
            [
              7.569307,
              47.5689381
            ],
            [
              7.5693003,
              47.5689534
            ],
            [
              7.5692825,
              47.5689498
            ],
            [
              7.5692875,
              47.5689385
            ]
          ]
        ]
      },
      "id": "way/150228748"
    },
    {
      "type": "Feature",
      "properties": {
        "@id": "way/166068623",
        "area": "yes",
        "highway": "pedestrian",
        "lit": "yes",
        "surface": "asphalt"
      },
      "geometry": {
        "type": "Polygon",
        "coordinates": [
          [
            [
              7.5939377,
              47.542975
            ],
            [
              7.59393,
              47.5429653
            ],
            [
              7.5939178,
              47.5429411
            ],
            [
              7.5939125,
              47.5429194
            ],
            [
              7.5939206,
              47.5428948
            ],
            [
              7.5939647,
              47.5427605
            ],
            [
              7.5940056,
              47.5427264
            ],
            [
              7.5940192,
              47.5427394
            ],
            [
              7.5940632,
              47.5427851
            ],
            [
              7.5940584,
              47.5428123
            ],
            [
              7.5940449,
              47.5428639
            ],
            [
              7.5940253,
              47.5429131
            ],
            [
              7.5939984,
              47.542943
            ],
            [
              7.5939657,
              47.5429624
            ],
            [
              7.5939377,
              47.542975
            ]
          ]
        ]
      },
      "id": "way/166068623"
    },
    {
      "type": "Feature",
      "properties": {
        "@id": "way/169742312",
        "area": "yes",
        "highway": "pedestrian",
        "lit": "yes",
        "name": "Hebelplatz",
        "name:etymology:wikidata": "Q62512",
        "surface": "asphalt",
        "wikidata": "Q123284273"
      },
      "geometry": {
        "type": "Polygon",
        "coordinates": [
          [
            [
              7.5757446,
              47.5648449
            ],
            [
              7.5759871,
              47.5646157
            ],
            [
              7.5760617,
              47.5646209
            ],
            [
              7.576289,
              47.5647537
            ],
            [
              7.5760202,
              47.5650433
            ],
            [
              7.5758285,
              47.5648987
            ],
            [
              7.5757446,
              47.5648449
            ]
          ]
        ]
      },
      "id": "way/169742312"
    },
    {
      "type": "Feature",
      "properties": {
        "@id": "way/193642848",
        "area": "yes",
        "highway": "pedestrian",
        "lit": "yes",
        "name": "Meret Oppenheim-Platz",
        "name:etymology:wikidata": "Q61594",
        "surface": "asphalt",
        "wikidata": "Q123283112"
      },
      "geometry": {
        "type": "Polygon",
        "coordinates": [
          [
            [
              7.5874218,
              47.5460927
            ],
            [
              7.5871433,
              47.5457624
            ],
            [
              7.5876509,
              47.5455586
            ],
            [
              7.5876774,
              47.5455922
            ],
            [
              7.5878109,
              47.5457561
            ],
            [
              7.5879814,
              47.5459672
            ],
            [
              7.5880569,
              47.5460572
            ],
            [
              7.5878196,
              47.5461285
            ],
            [
              7.5875881,
              47.5461981
            ],
            [
              7.587514,
              47.5461005
            ],
            [
              7.5874218,
              47.5460927
            ]
          ]
        ]
      },
      "id": "way/193642848"
    },
    {
      "type": "Feature",
      "properties": {
        "@id": "way/193681190",
        "area": "yes",
        "highway": "pedestrian",
        "lit": "yes",
        "name": "Barfüsserplatz",
        "place": "square",
        "surface": "paving_stones",
        "wikidata": "Q261083"
      },
      "geometry": {
        "type": "Polygon",
        "coordinates": [
          [
            [
              7.589258,
              47.5545336
            ],
            [
              7.5893656,
              47.554515
            ],
            [
              7.58965,
              47.5544667
            ],
            [
              7.5896926,
              47.554486
            ],
            [
              7.5897102,
              47.5545352
            ],
            [
              7.5897364,
              47.5546084
            ],
            [
              7.5897404,
              47.5546434
            ],
            [
              7.5897832,
              47.5546928
            ],
            [
              7.5898449,
              47.554764
            ],
            [
              7.5899211,
              47.5548518
            ],
            [
              7.5899161,
              47.5548676
            ],
            [
              7.5899245,
              47.5548854
            ],
            [
              7.5898247,
              47.5549217
            ],
            [
              7.5897904,
              47.5549454
            ],
            [
              7.5896989,
              47.5549189
            ],
            [
              7.5896712,
              47.5549527
            ],
            [
              7.5895352,
              47.5548908
            ],
            [
              7.5894957,
              47.5548453
            ],
            [
              7.5895206,
              47.5548351
            ],
            [
              7.5894675,
              47.5547752
            ],
            [
              7.5893282,
              47.5546174
            ],
            [
              7.589258,
              47.5545336
            ]
          ]
        ]
      },
      "id": "way/193681190"
    },
    {
      "type": "Feature",
      "properties": {
        "@id": "way/193681195",
        "area": "yes",
        "bicycle": "no",
        "highway": "pedestrian",
        "lit": "yes",
        "name": "Marktplatz",
        "surface": "sett",
        "wikidata": "Q692234",
        "wikipedia": "de:Marktplatz (Basel)"
      },
      "geometry": {
        "type": "Polygon",
        "coordinates": [
          [
            [
              7.5876106,
              47.5585305
            ],
            [
              7.5875944,
              47.5585335
            ],
            [
              7.5875769,
              47.5585333
            ],
            [
              7.5874185,
              47.5584762
            ],
            [
              7.5875942,
              47.558239
            ],
            [
              7.5879539,
              47.5577628
            ],
            [
              7.5879605,
              47.557757
            ],
            [
              7.5879721,
              47.5577528
            ],
            [
              7.587984,
              47.5577517
            ],
            [
              7.588003,
              47.5577539
            ],
            [
              7.5880752,
              47.5577791
            ],
            [
              7.5881358,
              47.557799
            ],
            [
              7.5881497,
              47.5578086
            ],
            [
              7.588157,
              47.5578221
            ],
            [
              7.5881552,
              47.5578385
            ],
            [
              7.5876215,
              47.5585209
            ],
            [
              7.5876106,
              47.5585305
            ]
          ]
        ]
      },
      "id": "way/193681195"
    },
    {
      "type": "Feature",
      "properties": {
        "@id": "way/222603645",
        "area": "yes",
        "highway": "pedestrian",
        "layer": "1",
        "level": "1",
        "lit": "yes",
        "smoothness": "good",
        "surface": "sett"
      },
      "geometry": {
        "type": "Polygon",
        "coordinates": [
          [
            [
              7.5904639,
              47.560871
            ],
            [
              7.5905086,
              47.5608297
            ],
            [
              7.5906173,
              47.5607293
            ],
            [
              7.5906884,
              47.5607644
            ],
            [
              7.590739,
              47.5607893
            ],
            [
              7.5907312,
              47.560796
            ],
            [
              7.5907291,
              47.5607979
            ],
            [
              7.5906915,
              47.5608327
            ],
            [
              7.5906809,
              47.5608274
            ],
            [
              7.5906408,
              47.5608633
            ],
            [
              7.5906125,
              47.5608904
            ],
            [
              7.5906232,
              47.5608958
            ],
            [
              7.5905859,
              47.5609303
            ],
            [
              7.5904639,
              47.560871
            ]
          ]
        ]
      },
      "id": "way/222603645"
    },
    {
      "type": "Feature",
      "properties": {
        "@id": "way/235739575",
        "building": "retail",
        "check_date": "2024-08-28",
        "name": "Zooladen",
        "payment:cash": "yes",
        "payment:credit_cards": "yes",
        "payment:debit_cards": "yes",
        "shop": "gift",
        "wheelchair": "yes"
      },
      "geometry": {
        "type": "Polygon",
        "coordinates": [
          [
            [
              7.5820384,
              47.5490339
            ],
            [
              7.5820342,
              47.5490028
            ],
            [
              7.5819583,
              47.5490083
            ],
            [
              7.5819357,
              47.548994
            ],
            [
              7.5819323,
              47.5489421
            ],
            [
              7.5820087,
              47.5489367
            ],
            [
              7.5820289,
              47.5489353
            ],
            [
              7.5820315,
              47.5489523
            ],
            [
              7.5820805,
              47.5489491
            ],
            [
              7.5821484,
              47.5489457
            ],
            [
              7.5821512,
              47.548972
            ],
            [
              7.5822022,
              47.5489706
            ],
            [
              7.5822034,
              47.548986
            ],
            [
              7.582219,
              47.5489855
            ],
            [
              7.5822212,
              47.5490313
            ],
            [
              7.5822319,
              47.5490311
            ],
            [
              7.5822473,
              47.5490316
            ],
            [
              7.5822549,
              47.5490363
            ],
            [
              7.5822568,
              47.5490442
            ],
            [
              7.5822569,
              47.5490504
            ],
            [
              7.5822499,
              47.5490558
            ],
            [
              7.5822423,
              47.549059
            ],
            [
              7.5822174,
              47.5490606
            ],
            [
              7.5822177,
              47.5490689
            ],
            [
              7.5820919,
              47.549076
            ],
            [
              7.5820882,
              47.5490319
            ],
            [
              7.5820384,
              47.5490339
            ]
          ]
        ]
      },
      "id": "way/235739575"
    },
    {
      "type": "Feature",
      "properties": {
        "@id": "way/243560540",
        "building": "retail",
        "building:levels": "4",
        "roof:levels": "1",
        "source": "Geodaten Kanton Basel-Stadt"
      },
      "geometry": {
        "type": "Polygon",
        "coordinates": [
          [
            [
              7.5808325,
              47.5512775
            ],
            [
              7.5810071,
              47.5514166
            ],
            [
              7.5809692,
              47.551441
            ],
            [
              7.5808051,
              47.5515469
            ],
            [
              7.5806757,
              47.5516081
            ],
            [
              7.580368,
              47.551296
            ],
            [
              7.5802933,
              47.5512158
            ],
            [
              7.5802602,
              47.5511855
            ],
            [
              7.5803089,
              47.5511613
            ],
            [
              7.5805584,
              47.5510373
            ],
            [
              7.5805914,
              47.5510675
            ],
            [
              7.5806599,
              47.5511402
            ],
            [
              7.5808325,
              47.5512775
            ]
          ]
        ]
      },
      "id": "way/243560540"
    },
    {
      "type": "Feature",
      "properties": {
        "@id": "way/245284316",
        "building": "retail",
        "source": "Geodaten Kanton Basel-Stadt"
      },
      "geometry": {
        "type": "Polygon",
        "coordinates": [
          [
            [
              7.5803925,
              47.5525304
            ],
            [
              7.5803819,
              47.5525571
            ],
            [
              7.5804915,
              47.5526298
            ],
            [
              7.5804578,
              47.5526531
            ],
            [
              7.5804625,
              47.5526561
            ],
            [
              7.58042,
              47.5526852
            ],
            [
              7.5804155,
              47.5526822
            ],
            [
              7.5802929,
              47.5527668
            ],
            [
              7.5802851,
              47.5527721
            ],
            [
              7.5802899,
              47.5527753
            ],
            [
              7.5802479,
              47.5528043
            ],
            [
              7.5802431,
              47.5528011
            ],
            [
              7.5802072,
              47.5528258
            ],
            [
              7.5800913,
              47.5527325
            ],
            [
              7.5799454,
              47.5526151
            ],
            [
              7.5802675,
              47.5524696
            ],
            [
              7.5803121,
              47.5524495
            ],
            [
              7.5803925,
              47.5525304
            ]
          ]
        ]
      },
      "id": "way/245284316"
    },
    {
      "type": "Feature",
      "properties": {
        "@id": "way/249572398",
        "building": "retail",
        "source": "Geodaten Kanton Basel-Stadt"
      },
      "geometry": {
        "type": "Polygon",
        "coordinates": [
          [
            [
              7.6056506,
              47.5310039
            ],
            [
              7.6059544,
              47.5310321
            ],
            [
              7.6058476,
              47.5315584
            ],
            [
              7.6058352,
              47.5316195
            ],
            [
              7.6055314,
              47.5315914
            ],
            [
              7.6055587,
              47.531457
            ],
            [
              7.6056506,
              47.5310039
            ]
          ]
        ]
      },
      "id": "way/249572398"
    },
    {
      "type": "Feature",
      "properties": {
        "@id": "way/260716962",
        "building": "retail",
        "nohousenumber": "yes",
        "src": "GVA_Basel"
      },
      "geometry": {
        "type": "Polygon",
        "coordinates": [
          [
            [
              7.5748899,
              47.5681911
            ],
            [
              7.5748511,
              47.5682208
            ],
            [
              7.5747373,
              47.5681528
            ],
            [
              7.574776,
              47.568123
            ],
            [
              7.5748899,
              47.5681911
            ]
          ]
        ]
      },
      "id": "way/260716962"
    },
    {
      "type": "Feature",
      "properties": {
        "@id": "way/260716967",
        "building": "retail",
        "nohousenumber": "yes",
        "src": "GVA_Basel"
      },
      "geometry": {
        "type": "Polygon",
        "coordinates": [
          [
            [
              7.5748511,
              47.5682208
            ],
            [
              7.5748899,
              47.5681911
            ],
            [
              7.575004,
              47.5682592
            ],
            [
              7.5749652,
              47.5682889
            ],
            [
              7.5748511,
              47.5682208
            ]
          ]
        ]
      },
      "id": "way/260716967"
    },
    {
      "type": "Feature",
      "properties": {
        "@id": "way/262235357",
        "addr:city": "Basel",
        "addr:housenumber": "20",
        "addr:postcode": "4056",
        "addr:street": "Hebelstrasse",
        "building": "retail"
      },
      "geometry": {
        "type": "Polygon",
        "coordinates": [
          [
            [
              7.5815176,
              47.5615041
            ],
            [
              7.5819895,
              47.5613604
            ],
            [
              7.5820077,
              47.5613878
            ],
            [
              7.5821657,
              47.5613396
            ],
            [
              7.5822722,
              47.5614993
            ],
            [
              7.5821136,
              47.5615479
            ],
            [
              7.5821321,
              47.5615754
            ],
            [
              7.5816597,
              47.561719
            ],
            [
              7.5816417,
              47.5616917
            ],
            [
              7.5816015,
              47.5617038
            ],
            [
              7.5814957,
              47.5615437
            ],
            [
              7.5815359,
              47.5615314
            ],
            [
              7.5815176,
              47.5615041
            ]
          ]
        ]
      },
      "id": "way/262235357"
    },
    {
      "type": "Feature",
      "properties": {
        "@id": "way/262859129",
        "addr:city": "Basel",
        "addr:housenumber": "27",
        "addr:postcode": "4055",
        "addr:street": "Missionsstrasse",
        "building": "retail"
      },
      "geometry": {
        "type": "Polygon",
        "coordinates": [
          [
            [
              7.5779113,
              47.5595309
            ],
            [
              7.5779476,
              47.5595639
            ],
            [
              7.5779718,
              47.559586
            ],
            [
              7.5779362,
              47.5596038
            ],
            [
              7.577917,
              47.5595863
            ],
            [
              7.5779187,
              47.5595753
            ],
            [
              7.5778841,
              47.5595446
            ],
            [
              7.5779113,
              47.5595309
            ]
          ]
        ]
      },
      "id": "way/262859129"
    },
    {
      "type": "Feature",
      "properties": {
        "@id": "way/266416000",
        "addr:city": "Basel",
        "addr:country": "CH",
        "addr:housenumber": "3",
        "addr:postcode": "4056",
        "addr:street": "Davidsrain",
        "building": "retail",
        "source": "GVA_Basel"
      },
      "geometry": {
        "type": "Polygon",
        "coordinates": [
          [
            [
              7.5769814,
              47.5654225
            ],
            [
              7.5769299,
              47.5654643
            ],
            [
              7.5768624,
              47.5654263
            ],
            [
              7.5768721,
              47.5654184
            ],
            [
              7.5769715,
              47.5653378
            ],
            [
              7.5770035,
              47.5653584
            ],
            [
              7.576948,
              47.5654036
            ],
            [
              7.5769786,
              47.5654209
            ],
            [
              7.5769814,
              47.5654225
            ]
          ]
        ]
      },
      "id": "way/266416000"
    },
    {
      "type": "Feature",
      "properties": {
        "@id": "way/270633513",
        "building": "retail"
      },
      "geometry": {
        "type": "Polygon",
        "coordinates": [
          [
            [
              7.5814556,
              47.5576375
            ],
            [
              7.5813636,
              47.5576796
            ],
            [
              7.581346,
              47.5576587
            ],
            [
              7.5813332,
              47.5576434
            ],
            [
              7.5813332,
              47.5575927
            ],
            [
              7.5813332,
              47.5575661
            ],
            [
              7.5813929,
              47.5575661
            ],
            [
              7.5814708,
              47.557533
            ],
            [
              7.5814749,
              47.5575374
            ],
            [
              7.5814907,
              47.5575544
            ],
            [
              7.5814921,
              47.5575538
            ],
            [
              7.5815349,
              47.5575965
            ],
            [
              7.5814526,
              47.5576346
            ],
            [
              7.5814556,
              47.5576375
            ]
          ]
        ]
      },
      "id": "way/270633513"
    },
    {
      "type": "Feature",
      "properties": {
        "@id": "way/270643152",
        "building": "retail"
      },
      "geometry": {
        "type": "Polygon",
        "coordinates": [
          [
            [
              7.5842062,
              47.556423
            ],
            [
              7.5841966,
              47.5564614
            ],
            [
              7.5840981,
              47.5565171
            ],
            [
              7.5840665,
              47.5565349
            ],
            [
              7.5839297,
              47.5564097
            ],
            [
              7.5839333,
              47.5564078
            ],
            [
              7.5839129,
              47.5563895
            ],
            [
              7.5839339,
              47.5563919
            ],
            [
              7.5842062,
              47.556423
            ]
          ]
        ]
      },
      "id": "way/270643152"
    },
    {
      "type": "Feature",
      "properties": {
        "@id": "way/270934315",
        "building": "retail"
      },
      "geometry": {
        "type": "Polygon",
        "coordinates": [
          [
            [
              7.5843797,
              47.5571778
            ],
            [
              7.5843638,
              47.5571197
            ],
            [
              7.5844555,
              47.5570952
            ],
            [
              7.5844713,
              47.5571433
            ],
            [
              7.5844757,
              47.5571427
            ],
            [
              7.58448,
              47.5571563
            ],
            [
              7.5844597,
              47.5571687
            ],
            [
              7.5844614,
              47.5571766
            ],
            [
              7.5844794,
              47.5572654
            ],
            [
              7.5843879,
              47.5572769
            ],
            [
              7.5843764,
              47.557226
            ],
            [
              7.5843658,
              47.5571791
            ],
            [
              7.5843797,
              47.5571778
            ]
          ]
        ]
      },
      "id": "way/270934315"
    },
    {
      "type": "Feature",
      "properties": {
        "@id": "way/314835647",
        "addr:city": "Basel",
        "addr:housenumber": "60",
        "addr:postcode": "4057",
        "addr:street": "Feldbergstrasse",
        "building": "retail",
        "source": "Geodaten Kanton Basel-Stadt"
      },
      "geometry": {
        "type": "Polygon",
        "coordinates": [
          [
            [
              7.5918334,
              47.5662578
            ],
            [
              7.5919366,
              47.5662764
            ],
            [
              7.5919117,
              47.5663393
            ],
            [
              7.5918085,
              47.5663207
            ],
            [
              7.5918334,
              47.5662578
            ]
          ]
        ]
      },
      "id": "way/314835647"
    },
    {
      "type": "Feature",
      "properties": {
        "@id": "way/314835674",
        "addr:housenumber": "45",
        "addr:street": "Breisacherstrasse",
        "building": "retail",
        "source": "Geodaten Kanton Basel-Stadt"
      },
      "geometry": {
        "type": "Polygon",
        "coordinates": [
          [
            [
              7.5883871,
              47.5654269
            ],
            [
              7.5883301,
              47.5654132
            ],
            [
              7.5883609,
              47.5653615
            ],
            [
              7.5884151,
              47.5652705
            ],
            [
              7.5887105,
              47.565342
            ],
            [
              7.5886729,
              47.5654143
            ],
            [
              7.5886352,
              47.5654865
            ],
            [
              7.588575,
              47.5654721
            ],
            [
              7.5884874,
              47.565451
            ],
            [
              7.5883871,
              47.5654269
            ]
          ]
        ]
      },
      "id": "way/314835674"
    },
    {
      "type": "Feature",
      "properties": {
        "@id": "way/315432321",
        "addr:city": "Basel",
        "addr:country": "CH",
        "addr:housenumber": "70",
        "addr:postcode": "4057",
        "addr:street": "Hochbergerstrasse",
        "building": "retail",
        "int_name": "Stücki Shopping Mall",
        "name": "Stücki",
        "opening_hours": "Mo-Fr 07:30-20:15; Sa 07:30-18:15",
        "phone": "+41 61 633 33 00",
        "shop": "mall",
        "source": "GeoDaten Kanton Basel-Stadt;name=WKL-147",
        "toilets": "yes",
        "website": "https://www.stueckipark.ch/",
        "wheelchair": "yes",
        "wikidata": "Q2360969"
      },
      "geometry": {
        "type": "Polygon",
        "coordinates": [
          [
            [
              7.5964627,
              47.5796686
            ],
            [
              7.5964725,
              47.5796886
            ],
            [
              7.5964973,
              47.5797393
            ],
            [
              7.5965309,
              47.5798079
            ],
            [
              7.5965478,
              47.5798424
            ],
            [
              7.5965316,
              47.5798459
            ],
            [
              7.5973969,
              47.5816133
            ],
            [
              7.5974126,
              47.5816098
            ],
            [
              7.5974696,
              47.581727
            ],
            [
              7.5972423,
              47.581778
            ],
            [
              7.5972392,
              47.5817717
            ],
            [
              7.5960588,
              47.5820366
            ],
            [
              7.5960576,
              47.5820341
            ],
            [
              7.5957441,
              47.5813941
            ],
            [
              7.595476,
              47.5808466
            ],
            [
              7.5954541,
              47.5808515
            ],
            [
              7.5953868,
              47.5807141
            ],
            [
              7.5955705,
              47.5806732
            ],
            [
              7.5955799,
              47.5806924
            ],
            [
              7.5956377,
              47.5808103
            ],
            [
              7.5956581,
              47.5808058
            ],
            [
              7.5951966,
              47.5798646
            ],
            [
              7.5950483,
              47.5795622
            ],
            [
              7.5954647,
              47.5794691
            ],
            [
              7.5954319,
              47.5794046
            ],
            [
              7.5953447,
              47.5792333
            ],
            [
              7.5955172,
              47.5791947
            ],
            [
              7.5955247,
              47.5792099
            ],
            [
              7.5955309,
              47.5792224
            ],
            [
              7.5957404,
              47.5791753
            ],
            [
              7.5959477,
              47.5791286
            ],
            [
              7.595714,
              47.5786438
            ],
            [
              7.5959234,
              47.5785995
            ],
            [
              7.5960126,
              47.5787818
            ],
            [
              7.5961833,
              47.5791309
            ],
            [
              7.5962314,
              47.5792293
            ],
            [
              7.5962559,
              47.5792793
            ],
            [
              7.5962592,
              47.5792861
            ],
            [
              7.5962698,
              47.5793077
            ],
            [
              7.5962805,
              47.5793297
            ],
            [
              7.596448,
              47.5796719
            ],
            [
              7.5964627,
              47.5796686
            ]
          ]
        ]
      },
      "id": "way/315432321"
    },
    {
      "type": "Feature",
      "properties": {
        "@id": "way/315432404",
        "building": "retail",
        "building:levels": "1",
        "roof:levels": "0",
        "source": "GeoDaten Kanton Basel-Stadt"
      },
      "geometry": {
        "type": "Polygon",
        "coordinates": [
          [
            [
              7.5955765,
              47.5729157
            ],
            [
              7.5955765,
              47.5729174
            ],
            [
              7.5955754,
              47.5729702
            ],
            [
              7.5955761,
              47.5729702
            ],
            [
              7.5955704,
              47.5732002
            ],
            [
              7.5954035,
              47.5731982
            ],
            [
              7.595409,
              47.5729683
            ],
            [
              7.5954099,
              47.5729683
            ],
            [
              7.5954112,
              47.5729156
            ],
            [
              7.5954111,
              47.5729138
            ],
            [
              7.5955765,
              47.5729157
            ]
          ]
        ]
      },
      "id": "way/315432404"
    },
    {
      "type": "Feature",
      "properties": {
        "@id": "way/315432535",
        "building": "retail",
        "source": "GeoDaten Kanton Basel-Stadt"
      },
      "geometry": {
        "type": "Polygon",
        "coordinates": [
          [
            [
              7.5956088,
              47.5716653
            ],
            [
              7.5956071,
              47.5717351
            ],
            [
              7.5955858,
              47.5717348
            ],
            [
              7.5955282,
              47.5717341
            ],
            [
              7.595528,
              47.5717341
            ],
            [
              7.5954731,
              47.5717335
            ],
            [
              7.5954755,
              47.5716637
            ],
            [
              7.5954807,
              47.5716638
            ],
            [
              7.5954816,
              47.5716638
            ],
            [
              7.5954822,
              47.5716638
            ],
            [
              7.5955876,
              47.571665
            ],
            [
              7.5955959,
              47.5716651
            ],
            [
              7.5955973,
              47.5716651
            ],
            [
              7.5956088,
              47.5716653
            ]
          ]
        ]
      },
      "id": "way/315432535"
    },
    {
      "type": "Feature",
      "properties": {
        "@id": "way/315432583",
        "building": "retail",
        "source": "GeoDaten Kanton Basel-Stadt"
      },
      "geometry": {
        "type": "Polygon",
        "coordinates": [
          [
            [
              7.5970694,
              47.5719904
            ],
            [
              7.5972514,
              47.5719926
            ],
            [
              7.5972481,
              47.5721359
            ],
            [
              7.5972461,
              47.5722259
            ],
            [
              7.5972448,
              47.5722804
            ],
            [
              7.5970623,
              47.5722785
            ],
            [
              7.5970654,
              47.5721546
            ],
            [
              7.5970537,
              47.5721534
            ],
            [
              7.5970435,
              47.5721492
            ],
            [
              7.5970365,
              47.5721428
            ],
            [
              7.5970337,
              47.572135
            ],
            [
              7.5970354,
              47.5721271
            ],
            [
              7.5970422,
              47.5721197
            ],
            [
              7.5970532,
              47.5721148
            ],
            [
              7.5970664,
              47.5721135
            ],
            [
              7.5970694,
              47.5719904
            ]
          ]
        ]
      },
      "id": "way/315432583"
    },
    {
      "type": "Feature",
      "properties": {
        "@id": "way/315432897",
        "building": "retail",
        "source": "GeoDaten Kanton Basel-Stadt"
      },
      "geometry": {
        "type": "Polygon",
        "coordinates": [
          [
            [
              7.5954807,
              47.5716638
            ],
            [
              7.5954755,
              47.5716637
            ],
            [
              7.5954007,
              47.5716628
            ],
            [
              7.5954019,
              47.5716178
            ],
            [
              7.5954043,
              47.5715235
            ],
            [
              7.5954049,
              47.5715004
            ],
            [
              7.5954064,
              47.5714318
            ],
            [
              7.5954263,
              47.571432
            ],
            [
              7.5954302,
              47.5714274
            ],
            [
              7.5955501,
              47.571473
            ],
            [
              7.5955495,
              47.5714983
            ],
            [
              7.5955551,
              47.5714984
            ],
            [
              7.595553,
              47.5715681
            ],
            [
              7.5955529,
              47.5715685
            ],
            [
              7.5955984,
              47.571569
            ],
            [
              7.5955959,
              47.5716651
            ],
            [
              7.5955876,
              47.571665
            ],
            [
              7.5954822,
              47.5716638
            ],
            [
              7.5954816,
              47.5716638
            ],
            [
              7.5954807,
              47.5716638
            ]
          ]
        ]
      },
      "id": "way/315432897"
    },
    {
      "type": "Feature",
      "properties": {
        "@id": "way/315432931",
        "building": "retail",
        "building:levels": "1",
        "roof:levels": "0",
        "source": "GeoDaten Kanton Basel-Stadt"
      },
      "geometry": {
        "type": "Polygon",
        "coordinates": [
          [
            [
              7.5928955,
              47.5821746
            ],
            [
              7.5931403,
              47.5821329
            ],
            [
              7.5931399,
              47.582132
            ],
            [
              7.5932348,
              47.5821161
            ],
            [
              7.5932375,
              47.5821156
            ],
            [
              7.5932373,
              47.5821151
            ],
            [
              7.5932502,
              47.5821129
            ],
            [
              7.5932779,
              47.5821871
            ],
            [
              7.5933173,
              47.5821804
            ],
            [
              7.5933245,
              47.582199
            ],
            [
              7.5932851,
              47.5822057
            ],
            [
              7.5931468,
              47.5822295
            ],
            [
              7.5930025,
              47.5822544
            ],
            [
              7.5930074,
              47.5822916
            ],
            [
              7.5930128,
              47.5823395
            ],
            [
              7.5929391,
              47.5823444
            ],
            [
              7.5929238,
              47.5823451
            ],
            [
              7.5929235,
              47.5823439
            ],
            [
              7.5929153,
              47.5822829
            ],
            [
              7.5929054,
              47.5822099
            ],
            [
              7.5929084,
              47.5822093
            ],
            [
              7.5928955,
              47.5821746
            ]
          ]
        ]
      },
      "id": "way/315432931"
    },
    {
      "type": "Feature",
      "properties": {
        "@id": "way/315432950",
        "building": "retail",
        "source": "GeoDaten Kanton Basel-Stadt"
      },
      "geometry": {
        "type": "Polygon",
        "coordinates": [
          [
            [
              7.5942986,
              47.5810926
            ],
            [
              7.594245,
              47.5810559
            ],
            [
              7.5941775,
              47.5811008
            ],
            [
              7.5941171,
              47.581059
            ],
            [
              7.5941131,
              47.5810617
            ],
            [
              7.5940667,
              47.5810297
            ],
            [
              7.5940682,
              47.5810253
            ],
            [
              7.5940405,
              47.5810063
            ],
            [
              7.5940336,
              47.5810069
            ],
            [
              7.593987,
              47.5809748
            ],
            [
              7.5940358,
              47.5809242
            ],
            [
              7.5940395,
              47.5809259
            ],
            [
              7.5940608,
              47.580904
            ],
            [
              7.5941334,
              47.5808879
            ],
            [
              7.5942312,
              47.5807865
            ],
            [
              7.5942299,
              47.5807859
            ],
            [
              7.5942331,
              47.5807827
            ],
            [
              7.5943869,
              47.5808776
            ],
            [
              7.5943931,
              47.580873
            ],
            [
              7.5944594,
              47.5809138
            ],
            [
              7.594453,
              47.5809186
            ],
            [
              7.5945061,
              47.5809547
            ],
            [
              7.5942986,
              47.5810926
            ]
          ]
        ]
      },
      "id": "way/315432950"
    },
    {
      "type": "Feature",
      "properties": {
        "@id": "way/315467461",
        "building": "retail",
        "building:levels": "5",
        "source": "GeoDaten Kanton Basel-Stadt"
      },
      "geometry": {
        "type": "Polygon",
        "coordinates": [
          [
            [
              7.5900813,
              47.5676856
            ],
            [
              7.5900773,
              47.5676851
            ],
            [
              7.5900797,
              47.5676749
            ],
            [
              7.5900817,
              47.5676751
            ],
            [
              7.590246,
              47.5676925
            ],
            [
              7.5902573,
              47.5676938
            ],
            [
              7.5902592,
              47.5676939
            ],
            [
              7.5902569,
              47.5677042
            ],
            [
              7.5904674,
              47.5677266
            ],
            [
              7.590467,
              47.5677277
            ],
            [
              7.5904329,
              47.5678372
            ],
            [
              7.5903088,
              47.5678226
            ],
            [
              7.5903169,
              47.5677883
            ],
            [
              7.5902971,
              47.5677861
            ],
            [
              7.5900765,
              47.5677628
            ],
            [
              7.5900749,
              47.5677708
            ],
            [
              7.5900662,
              47.56777
            ],
            [
              7.590067,
              47.5677661
            ],
            [
              7.5900628,
              47.5677656
            ],
            [
              7.5900815,
              47.5676856
            ],
            [
              7.5900813,
              47.5676856
            ]
          ]
        ]
      },
      "id": "way/315467461"
    },
    {
      "type": "Feature",
      "properties": {
        "@id": "way/315880783",
        "building": "retail",
        "source": "Geodaten Kanton Basel Stadt"
      },
      "geometry": {
        "type": "Polygon",
        "coordinates": [
          [
            [
              7.5927207,
              47.5620173
            ],
            [
              7.5926859,
              47.5620033
            ],
            [
              7.5926926,
              47.5619956
            ],
            [
              7.592064,
              47.5617427
            ],
            [
              7.5920595,
              47.5617478
            ],
            [
              7.5917998,
              47.5616654
            ],
            [
              7.5917953,
              47.5616719
            ],
            [
              7.5917431,
              47.5616554
            ],
            [
              7.5917897,
              47.5615908
            ],
            [
              7.5919278,
              47.5614312
            ],
            [
              7.5920623,
              47.5614772
            ],
            [
              7.5921535,
              47.5615074
            ],
            [
              7.5921423,
              47.561549
            ],
            [
              7.5922049,
              47.5615708
            ],
            [
              7.5922313,
              47.561533
            ],
            [
              7.592389,
              47.5615782
            ],
            [
              7.5924308,
              47.5615915
            ],
            [
              7.5924148,
              47.5616108
            ],
            [
              7.5927014,
              47.5616985
            ],
            [
              7.5926249,
              47.5618083
            ],
            [
              7.5928516,
              47.5618972
            ],
            [
              7.5927992,
              47.5619453
            ],
            [
              7.5927972,
              47.5619516
            ],
            [
              7.5927882,
              47.5619598
            ],
            [
              7.5927801,
              47.5619629
            ],
            [
              7.5927207,
              47.5620173
            ]
          ]
        ]
      },
      "id": "way/315880783"
    },
    {
      "type": "Feature",
      "properties": {
        "@id": "way/315880793",
        "building": "retail"
      },
      "geometry": {
        "type": "Polygon",
        "coordinates": [
          [
            [
              7.5915389,
              47.5619237
            ],
            [
              7.5915805,
              47.5618747
            ],
            [
              7.5916292,
              47.5618174
            ],
            [
              7.5918707,
              47.5619196
            ],
            [
              7.5918219,
              47.561981
            ],
            [
              7.5917257,
              47.5619531
            ],
            [
              7.5917161,
              47.5619646
            ],
            [
              7.5916533,
              47.561938
            ],
            [
              7.5916379,
              47.5619555
            ],
            [
              7.5916276,
              47.5619512
            ],
            [
              7.5915389,
              47.5619237
            ]
          ]
        ]
      },
      "id": "way/315880793"
    },
    {
      "type": "Feature",
      "properties": {
        "@id": "way/315880813",
        "building": "retail",
        "source": "Geodaten Kanton Basel Stadt"
      },
      "geometry": {
        "type": "Polygon",
        "coordinates": [
          [
            [
              7.5919912,
              47.5618279
            ],
            [
              7.5920706,
              47.5618595
            ],
            [
              7.5920767,
              47.5618524
            ],
            [
              7.5924631,
              47.5620077
            ],
            [
              7.592467,
              47.5620037
            ],
            [
              7.5926554,
              47.5620777
            ],
            [
              7.592656,
              47.5620779
            ],
            [
              7.5922935,
              47.5623713
            ],
            [
              7.5922928,
              47.5623711
            ],
            [
              7.5921245,
              47.5623239
            ],
            [
              7.5921275,
              47.562319
            ],
            [
              7.5918215,
              47.5622322
            ],
            [
              7.5918272,
              47.5622232
            ],
            [
              7.5918037,
              47.5622161
            ],
            [
              7.5919136,
              47.562049
            ],
            [
              7.5919655,
              47.5619616
            ],
            [
              7.5919256,
              47.5619349
            ],
            [
              7.5919486,
              47.5619027
            ],
            [
              7.5919912,
              47.5618279
            ]
          ]
        ]
      },
      "id": "way/315880813"
    },
    {
      "type": "Feature",
      "properties": {
        "@id": "way/315880815",
        "architect": "Hermann Neukomm",
        "architect:wikidata": "Q131904073",
        "building": "retail",
        "building:levels": "5",
        "heritage": "6",
        "name": "Zum Waldeck",
        "roof:levels": "3",
        "roof:shape": "mansard",
        "wikidata": "Q138683407",
        "wikimedia_commons": "Category:Wohn- und Geschäftshaus Zum Waldeck (Greifengasse 1, Basel)"
      },
      "geometry": {
        "type": "Polygon",
        "coordinates": [
          [
            [
              7.5905859,
              47.5609303
            ],
            [
              7.5906232,
              47.5608958
            ],
            [
              7.5906125,
              47.5608904
            ],
            [
              7.5906809,
              47.5608274
            ],
            [
              7.5906915,
              47.5608327
            ],
            [
              7.5907291,
              47.5607979
            ],
            [
              7.5907312,
              47.560796
            ],
            [
              7.5907961,
              47.5608285
            ],
            [
              7.590861,
              47.5608611
            ],
            [
              7.5909001,
              47.5608807
            ],
            [
              7.5909907,
              47.5609262
            ],
            [
              7.5909898,
              47.5609271
            ],
            [
              7.5909927,
              47.5609285
            ],
            [
              7.5909904,
              47.560931
            ],
            [
              7.5909918,
              47.5609316
            ],
            [
              7.590959,
              47.5609671
            ],
            [
              7.5909669,
              47.5609706
            ],
            [
              7.5909414,
              47.5609983
            ],
            [
              7.5909334,
              47.5609949
            ],
            [
              7.5909008,
              47.5610303
            ],
            [
              7.5908993,
              47.5610296
            ],
            [
              7.5908859,
              47.5610442
            ],
            [
              7.5906633,
              47.5609673
            ],
            [
              7.5905859,
              47.5609303
            ]
          ]
        ]
      },
      "id": "way/315880815"
    },
    {
      "type": "Feature",
      "properties": {
        "@id": "way/315880836",
        "architect": "Alfred Widmer;Hermann Neukomm",
        "architect:wikidata": "Q20605974;Q131904073",
        "building": "retail",
        "wikidata": "Q138836982",
        "wikimedia_commons": "Category:Geschäfts- und Wohnhaus Greifengasse 3–5/Sägergässlein 6 (Basel)"
      },
      "geometry": {
        "type": "Polygon",
        "coordinates": [
          [
            [
              7.5911897,
              47.5613487
            ],
            [
              7.5912135,
              47.5613161
            ],
            [
              7.5912251,
              47.5613194
            ],
            [
              7.5913255,
              47.5611872
            ],
            [
              7.5911987,
              47.5611466
            ],
            [
              7.5910658,
              47.5611041
            ],
            [
              7.5910729,
              47.5610965
            ],
            [
              7.5911767,
              47.5609839
            ],
            [
              7.5911756,
              47.5609834
            ],
            [
              7.5911826,
              47.560978
            ],
            [
              7.5911833,
              47.5609786
            ],
            [
              7.5911895,
              47.5609758
            ],
            [
              7.5911966,
              47.560974
            ],
            [
              7.591204,
              47.5609733
            ],
            [
              7.5912115,
              47.5609738
            ],
            [
              7.5912117,
              47.5609731
            ],
            [
              7.5912217,
              47.5609756
            ],
            [
              7.5912212,
              47.5609763
            ],
            [
              7.5912786,
              47.5609963
            ],
            [
              7.5913219,
              47.5610113
            ],
            [
              7.5914155,
              47.5610439
            ],
            [
              7.5915091,
              47.5610764
            ],
            [
              7.591431,
              47.5611792
            ],
            [
              7.5914076,
              47.56121
            ],
            [
              7.5914936,
              47.5612372
            ],
            [
              7.591452,
              47.561292
            ],
            [
              7.5913579,
              47.5614158
            ],
            [
              7.5913144,
              47.5614731
            ],
            [
              7.5913095,
              47.5614711
            ],
            [
              7.5913091,
              47.5614716
            ],
            [
              7.5912986,
              47.5614672
            ],
            [
              7.5912992,
              47.5614662
            ],
            [
              7.5912862,
              47.5614607
            ],
            [
              7.5912731,
              47.5614553
            ],
            [
              7.5912722,
              47.5614562
            ],
            [
              7.5912625,
              47.5614521
            ],
            [
              7.5912634,
              47.5614513
            ],
            [
              7.5912367,
              47.5614401
            ],
            [
              7.5912356,
              47.5614409
            ],
            [
              7.5912257,
              47.5614368
            ],
            [
              7.5912264,
              47.5614359
            ],
            [
              7.5912131,
              47.5614303
            ],
            [
              7.5911997,
              47.5614248
            ],
            [
              7.591199,
              47.5614257
            ],
            [
              7.5911889,
              47.5614214
            ],
            [
              7.5911898,
              47.5614207
            ],
            [
              7.5911637,
              47.5614098
            ],
            [
              7.591163,
              47.5614107
            ],
            [
              7.5911531,
              47.5614066
            ],
            [
              7.5911538,
              47.5614057
            ],
            [
              7.5911403,
              47.5614001
            ],
            [
              7.5911267,
              47.5613944
            ],
            [
              7.5911261,
              47.5613953
            ],
            [
              7.5911156,
              47.5613909
            ],
            [
              7.591116,
              47.5613904
            ],
            [
              7.5911115,
              47.5613885
            ],
            [
              7.5911214,
              47.5613755
            ],
            [
              7.59115,
              47.5613374
            ],
            [
              7.591154,
              47.5613385
            ],
            [
              7.5911897,
              47.5613487
            ]
          ]
        ]
      },
      "id": "way/315880836"
    },
    {
      "type": "Feature",
      "properties": {
        "@id": "way/315880852",
        "building": "retail"
      },
      "geometry": {
        "type": "Polygon",
        "coordinates": [
          [
            [
              7.5908596,
              47.5610935
            ],
            [
              7.5908399,
              47.5611217
            ],
            [
              7.5908262,
              47.5611412
            ],
            [
              7.5905724,
              47.5610497
            ],
            [
              7.5905877,
              47.5610341
            ],
            [
              7.5906131,
              47.561008
            ],
            [
              7.5906181,
              47.5610104
            ],
            [
              7.5908596,
              47.5610935
            ]
          ]
        ]
      },
      "id": "way/315880852"
    },
    {
      "type": "Feature",
      "properties": {
        "@id": "way/315880854",
        "building": "retail"
      },
      "geometry": {
        "type": "Polygon",
        "coordinates": [
          [
            [
              7.5908919,
              47.5610463
            ],
            [
              7.5908708,
              47.5610772
            ],
            [
              7.5908596,
              47.5610935
            ],
            [
              7.5906181,
              47.5610104
            ],
            [
              7.5906633,
              47.5609673
            ],
            [
              7.5908859,
              47.5610442
            ],
            [
              7.5908919,
              47.5610463
            ]
          ]
        ]
      },
      "id": "way/315880854"
    },
    {
      "type": "Feature",
      "properties": {
        "@id": "way/315883244",
        "addr:city": "Basel",
        "addr:housenumber": "22",
        "addr:postcode": "4005",
        "addr:street": "Greifengasse",
        "alt_name": "Manor Basel",
        "branch": "Basel",
        "brand": "Manor",
        "brand:wikidata": "Q382686",
        "building": "retail",
        "building:levels": "9",
        "check_date": "2024-10-09",
        "name": "Manor",
        "opening_hours": "Mo-Fr 08:30-20:00; Sa 08:00-18:00; PH off",
        "operator": "Manor",
        "shop": "department_store",
        "source": "Geodaten Kanton Basel Stadt",
        "toilets": "yes",
        "website": "https://www.manor.ch/de/store-finder/store/BAS"
      },
      "geometry": {
        "type": "Polygon",
        "coordinates": [
          [
            [
              7.5928497,
              47.5613481
            ],
            [
              7.5921929,
              47.5611322
            ],
            [
              7.5924527,
              47.5608401
            ],
            [
              7.5924708,
              47.5608199
            ],
            [
              7.5925354,
              47.5607479
            ],
            [
              7.5929033,
              47.5608562
            ],
            [
              7.5929798,
              47.5608785
            ],
            [
              7.5930351,
              47.5608935
            ],
            [
              7.5930041,
              47.5609514
            ],
            [
              7.5929896,
              47.5609784
            ],
            [
              7.5930249,
              47.5609892
            ],
            [
              7.5930689,
              47.5610029
            ],
            [
              7.5928497,
              47.5613481
            ]
          ]
        ]
      },
      "id": "way/315883244"
    },
    {
      "type": "Feature",
      "properties": {
        "@id": "way/315883264",
        "building": "retail",
        "building:levels": "5",
        "parking": "rooftop",
        "source": "Geodaten Kanton Basel Stadt"
      },
      "geometry": {
        "type": "Polygon",
        "coordinates": [
          [
            [
              7.5935815,
              47.560575
            ],
            [
              7.5936501,
              47.5604738
            ],
            [
              7.5937124,
              47.5603918
            ],
            [
              7.5938175,
              47.5603166
            ],
            [
              7.5934167,
              47.5601123
            ],
            [
              7.593302,
              47.5600505
            ],
            [
              7.5935106,
              47.5598998
            ],
            [
              7.5936394,
              47.5599713
            ],
            [
              7.5937434,
              47.5600253
            ],
            [
              7.5940339,
              47.5601776
            ],
            [
              7.5940712,
              47.5601436
            ],
            [
              7.5942468,
              47.5602486
            ],
            [
              7.5943839,
              47.5603273
            ],
            [
              7.5945526,
              47.5604279
            ],
            [
              7.5945006,
              47.560465
            ],
            [
              7.5945084,
              47.5604699
            ],
            [
              7.5945023,
              47.5604743
            ],
            [
              7.5944946,
              47.5604693
            ],
            [
              7.5944275,
              47.5605171
            ],
            [
              7.5944352,
              47.5605221
            ],
            [
              7.5944291,
              47.5605264
            ],
            [
              7.5944214,
              47.5605215
            ],
            [
              7.5943543,
              47.5605693
            ],
            [
              7.594362,
              47.5605742
            ],
            [
              7.594356,
              47.5605785
            ],
            [
              7.5943482,
              47.5605736
            ],
            [
              7.5942812,
              47.5606214
            ],
            [
              7.5942889,
              47.5606263
            ],
            [
              7.5942827,
              47.5606307
            ],
            [
              7.5942762,
              47.5606265
            ],
            [
              7.5942093,
              47.5606742
            ],
            [
              7.5942134,
              47.5606769
            ],
            [
              7.5942146,
              47.5606777
            ],
            [
              7.5942157,
              47.5606784
            ],
            [
              7.5942095,
              47.5606829
            ],
            [
              7.5942084,
              47.5606821
            ],
            [
              7.5942076,
              47.5606827
            ],
            [
              7.5941364,
              47.5607334
            ],
            [
              7.5935815,
              47.560575
            ]
          ]
        ]
      },
      "id": "way/315883264"
    },
    {
      "type": "Feature",
      "properties": {
        "@id": "way/315883312",
        "building": "retail",
        "building:levels": "9",
        "elevation": "30",
        "source": "Geodaten Kanton Basel Stadt"
      },
      "geometry": {
        "type": "Polygon",
        "coordinates": [
          [
            [
              7.593584,
              47.5612243
            ],
            [
              7.5934149,
              47.5613735
            ],
            [
              7.5931905,
              47.5613179
            ],
            [
              7.5931322,
              47.5614278
            ],
            [
              7.593053,
              47.5614055
            ],
            [
              7.5929048,
              47.5613637
            ],
            [
              7.5928497,
              47.5613481
            ],
            [
              7.5930689,
              47.5610029
            ],
            [
              7.5933616,
              47.5610893
            ],
            [
              7.5933337,
              47.5611491
            ],
            [
              7.593584,
              47.5612243
            ]
          ]
        ]
      },
      "id": "way/315883312"
    },
    {
      "type": "Feature",
      "properties": {
        "@id": "way/315883317",
        "building": "retail",
        "source": "Geodaten Kanton Basel Stadt"
      },
      "geometry": {
        "type": "Polygon",
        "coordinates": [
          [
            [
              7.5945526,
              47.5604279
            ],
            [
              7.5943839,
              47.5603273
            ],
            [
              7.5944131,
              47.5603056
            ],
            [
              7.5944345,
              47.5603185
            ],
            [
              7.5945032,
              47.5602691
            ],
            [
              7.5945751,
              47.5603147
            ],
            [
              7.5946103,
              47.560288
            ],
            [
              7.5946874,
              47.5603367
            ],
            [
              7.5945593,
              47.560432
            ],
            [
              7.5945526,
              47.5604279
            ]
          ]
        ]
      },
      "id": "way/315883317"
    },
    {
      "type": "Feature",
      "properties": {
        "@id": "way/315891848",
        "building": "retail",
        "source": "Geodaten Kanton Basel Stadt"
      },
      "geometry": {
        "type": "Polygon",
        "coordinates": [
          [
            [
              7.5916381,
              47.5609375
            ],
            [
              7.5915793,
              47.5609181
            ],
            [
              7.5916753,
              47.5608004
            ],
            [
              7.5917265,
              47.560818
            ],
            [
              7.5916381,
              47.5609375
            ]
          ]
        ]
      },
      "id": "way/315891848"
    },
    {
      "type": "Feature",
      "properties": {
        "@id": "way/315891896",
        "addr:city": "Basel",
        "addr:housenumber": "7",
        "addr:postcode": "4058",
        "addr:street": "Schafgässlein",
        "amenity": "restaurant",
        "building": "retail",
        "indoor_seating": "yes",
        "name": "Restaurant Schafeck",
        "outdoor_seating": "yes",
        "smoking": "outside",
        "source": "Geodaten Kanton Basel Stadt"
      },
      "geometry": {
        "type": "Polygon",
        "coordinates": [
          [
            [
              7.5924271,
              47.5605034
            ],
            [
              7.5924618,
              47.5605162
            ],
            [
              7.5925815,
              47.5605604
            ],
            [
              7.5925401,
              47.560604
            ],
            [
              7.5924027,
              47.5605537
            ],
            [
              7.5923937,
              47.5605503
            ],
            [
              7.5924271,
              47.5605034
            ]
          ]
        ]
      },
      "id": "way/315891896"
    },
    {
      "type": "Feature",
      "properties": {
        "@id": "way/315910165",
        "building": "retail",
        "building:levels": "2",
        "roof:levels": "0",
        "source": "GeoDaten Kanton Basel Stadt"
      },
      "geometry": {
        "type": "Polygon",
        "coordinates": [
          [
            [
              7.5990336,
              47.5677396
            ],
            [
              7.5992649,
              47.5677819
            ],
            [
              7.5992356,
              47.5678662
            ],
            [
              7.5992203,
              47.56791
            ],
            [
              7.5992047,
              47.5679067
            ],
            [
              7.5991236,
              47.5678894
            ],
            [
              7.5987383,
              47.5678093
            ],
            [
              7.5987662,
              47.5677492
            ],
            [
              7.5987355,
              47.5677429
            ],
            [
              7.5987538,
              47.5677009
            ],
            [
              7.5987561,
              47.5676958
            ],
            [
              7.598787,
              47.5677012
            ],
            [
              7.5987788,
              47.5677205
            ],
            [
              7.5987966,
              47.5677312
            ],
            [
              7.5988098,
              47.5677447
            ],
            [
              7.5988176,
              47.5677602
            ],
            [
              7.5989662,
              47.567792
            ],
            [
              7.5989681,
              47.5677882
            ],
            [
              7.5990336,
              47.5677396
            ]
          ]
        ]
      },
      "id": "way/315910165"
    },
    {
      "type": "Feature",
      "properties": {
        "@id": "way/315917745",
        "building": "retail",
        "building:levels": "1",
        "roof:levels": "0",
        "source": "GeoDaten Kanton Basel Stadt"
      },
      "geometry": {
        "type": "Polygon",
        "coordinates": [
          [
            [
              7.6028441,
              47.5685523
            ],
            [
              7.6028428,
              47.5685519
            ],
            [
              7.6026983,
              47.568511
            ],
            [
              7.6027201,
              47.5684754
            ],
            [
              7.6027133,
              47.5684734
            ],
            [
              7.6027209,
              47.5684609
            ],
            [
              7.6028731,
              47.5685041
            ],
            [
              7.6028734,
              47.5685036
            ],
            [
              7.6028761,
              47.5685044
            ],
            [
              7.602846,
              47.5685534
            ],
            [
              7.6028438,
              47.5685528
            ],
            [
              7.6028441,
              47.5685523
            ]
          ]
        ]
      },
      "id": "way/315917745"
    },
    {
      "type": "Feature",
      "properties": {
        "@id": "way/317492450",
        "building": "retail",
        "source": "GeoDaten Kanton Basel Stadt"
      },
      "geometry": {
        "type": "Polygon",
        "coordinates": [
          [
            [
              7.5973454,
              47.5583153
            ],
            [
              7.5973989,
              47.5583677
            ],
            [
              7.5973314,
              47.5583991
            ],
            [
              7.5971506,
              47.5584639
            ],
            [
              7.5971056,
              47.55848
            ],
            [
              7.596512,
              47.5587132
            ],
            [
              7.596472,
              47.5586677
            ],
            [
              7.5965756,
              47.5586263
            ],
            [
              7.5965518,
              47.5585998
            ],
            [
              7.5967195,
              47.5585339
            ],
            [
              7.5967427,
              47.5585608
            ],
            [
              7.5967838,
              47.5585446
            ],
            [
              7.5967608,
              47.5585177
            ],
            [
              7.5968875,
              47.558468
            ],
            [
              7.5968852,
              47.5584653
            ],
            [
              7.5970615,
              47.5583965
            ],
            [
              7.597093,
              47.5584328
            ],
            [
              7.5971147,
              47.5584227
            ],
            [
              7.5973392,
              47.5583178
            ],
            [
              7.5973454,
              47.5583153
            ]
          ]
        ]
      },
      "id": "way/317492450"
    },
    {
      "type": "Feature",
      "properties": {
        "@id": "way/317494530",
        "building": "retail",
        "building:levels": "1",
        "roof:levels": "0",
        "source": "GeoDaten Kanton Basel Stadt"
      },
      "geometry": {
        "type": "Polygon",
        "coordinates": [
          [
            [
              7.6037381,
              47.561471
            ],
            [
              7.6039266,
              47.5614817
            ],
            [
              7.6039194,
              47.5615394
            ],
            [
              7.6039166,
              47.5615619
            ],
            [
              7.6038539,
              47.5615583
            ],
            [
              7.6038544,
              47.5615544
            ],
            [
              7.6037287,
              47.5615473
            ],
            [
              7.6037381,
              47.561471
            ]
          ]
        ]
      },
      "id": "way/317494530"
    },
    {
      "type": "Feature",
      "properties": {
        "@id": "way/317499135",
        "building": "retail",
        "building:levels": "8",
        "roof:levels": "0",
        "source": "GeoDaten Kanton Basel Stadt"
      },
      "geometry": {
        "type": "Polygon",
        "coordinates": [
          [
            [
              7.6012048,
              47.5582803
            ],
            [
              7.6011506,
              47.5582836
            ],
            [
              7.6010492,
              47.5582898
            ],
            [
              7.6009945,
              47.5580841
            ],
            [
              7.6010336,
              47.5580794
            ],
            [
              7.6010252,
              47.5580487
            ],
            [
              7.6010145,
              47.5580098
            ],
            [
              7.6010266,
              47.5579984
            ],
            [
              7.601047,
              47.557996
            ],
            [
              7.6010642,
              47.5580043
            ],
            [
              7.6011124,
              47.5579717
            ],
            [
              7.6012366,
              47.5579715
            ],
            [
              7.6012358,
              47.557903
            ],
            [
              7.6009468,
              47.5579046
            ],
            [
              7.60092,
              47.5578041
            ],
            [
              7.6014016,
              47.557799
            ],
            [
              7.6014053,
              47.5582062
            ],
            [
              7.6012779,
              47.5582058
            ],
            [
              7.6012776,
              47.558228
            ],
            [
              7.6012886,
              47.5582281
            ],
            [
              7.6012886,
              47.5582631
            ],
            [
              7.6012818,
              47.5582631
            ],
            [
              7.6012818,
              47.5582656
            ],
            [
              7.6012776,
              47.5582656
            ],
            [
              7.6012775,
              47.5582725
            ],
            [
              7.6012818,
              47.5582725
            ],
            [
              7.6012817,
              47.558276
            ],
            [
              7.6012775,
              47.558276
            ],
            [
              7.6012774,
              47.5582829
            ],
            [
              7.6012817,
              47.558283
            ],
            [
              7.6012817,
              47.5582864
            ],
            [
              7.6012774,
              47.5582864
            ],
            [
              7.6012774,
              47.5582892
            ],
            [
              7.6012723,
              47.5582892
            ],
            [
              7.6012723,
              47.5582863
            ],
            [
              7.6012575,
              47.5582863
            ],
            [
              7.6012575,
              47.5582892
            ],
            [
              7.6012525,
              47.5582892
            ],
            [
              7.6012525,
              47.5582863
            ],
            [
              7.6012376,
              47.5582863
            ],
            [
              7.6012376,
              47.5582891
            ],
            [
              7.6012325,
              47.5582891
            ],
            [
              7.6012325,
              47.5582863
            ],
            [
              7.6012177,
              47.5582862
            ],
            [
              7.6012177,
              47.5582891
            ],
            [
              7.6012126,
              47.5582891
            ],
            [
              7.6012126,
              47.5582862
            ],
            [
              7.6012082,
              47.5582862
            ],
            [
              7.6012083,
              47.5582827
            ],
            [
              7.6012108,
              47.5582828
            ],
            [
              7.6012109,
              47.5582799
            ],
            [
              7.6012048,
              47.5582803
            ]
          ]
        ]
      },
      "id": "way/317499135"
    },
    {
      "type": "Feature",
      "properties": {
        "@id": "way/317533559",
        "building": "retail",
        "source": "GeoDaten Kanton Basel Stadt"
      },
      "geometry": {
        "type": "Polygon",
        "coordinates": [
          [
            [
              7.5693179,
              47.5609686
            ],
            [
              7.5693195,
              47.5609703
            ],
            [
              7.5693169,
              47.5609712
            ],
            [
              7.5693376,
              47.5609939
            ],
            [
              7.5693695,
              47.5610288
            ],
            [
              7.5693717,
              47.5610279
            ],
            [
              7.5694781,
              47.5611443
            ],
            [
              7.5694283,
              47.5611603
            ],
            [
              7.5694351,
              47.5611701
            ],
            [
              7.5693998,
              47.5611815
            ],
            [
              7.569393,
              47.5611717
            ],
            [
              7.5693693,
              47.5611793
            ],
            [
              7.5693443,
              47.5611874
            ],
            [
              7.5693512,
              47.5611972
            ],
            [
              7.5693158,
              47.5612085
            ],
            [
              7.569309,
              47.5611987
            ],
            [
              7.5692678,
              47.5612121
            ],
            [
              7.5691816,
              47.5610894
            ],
            [
              7.569147,
              47.56104
            ],
            [
              7.5691633,
              47.5610332
            ],
            [
              7.5693179,
              47.5609686
            ]
          ]
        ]
      },
      "id": "way/317533559"
    },
    {
      "type": "Feature",
      "properties": {
        "@id": "way/317918520",
        "building": "retail",
        "source": "GeoDaten Kanton Basel-Stadt"
      },
      "geometry": {
        "type": "Polygon",
        "coordinates": [
          [
            [
              7.5751397,
              47.556703
            ],
            [
              7.5751167,
              47.5567887
            ],
            [
              7.5751029,
              47.556787
            ],
            [
              7.575099,
              47.5567972
            ],
            [
              7.5750805,
              47.5567949
            ],
            [
              7.5750827,
              47.5567845
            ],
            [
              7.5750613,
              47.5567817
            ],
            [
              7.5750488,
              47.5567801
            ],
            [
              7.5750489,
              47.5567797
            ],
            [
              7.5750729,
              47.5566945
            ],
            [
              7.5751397,
              47.556703
            ]
          ]
        ]
      },
      "id": "way/317918520"
    },
    {
      "type": "Feature",
      "properties": {
        "@id": "way/317919567",
        "addr:housenumber": "31",
        "addr:street": "Allschwilerstrasse",
        "building": "retail",
        "source": "GeoDaten Kanton Basel-Stadt"
      },
      "geometry": {
        "type": "Polygon",
        "coordinates": [
          [
            [
              7.5735122,
              47.5558725
            ],
            [
              7.5735247,
              47.5558992
            ],
            [
              7.5732918,
              47.5559527
            ],
            [
              7.5731789,
              47.5559768
            ],
            [
              7.5731682,
              47.5559499
            ],
            [
              7.5731248,
              47.5558403
            ],
            [
              7.573126,
              47.5558399
            ],
            [
              7.5734107,
              47.5557578
            ],
            [
              7.5734407,
              47.555801
            ],
            [
              7.5734942,
              47.5558781
            ],
            [
              7.5735122,
              47.5558725
            ]
          ]
        ]
      },
      "id": "way/317919567"
    },
    {
      "type": "Feature",
      "properties": {
        "@id": "way/318384438",
        "building": "retail",
        "building:levels": "1",
        "roof:levels": "0"
      },
      "geometry": {
        "type": "Polygon",
        "coordinates": [
          [
            [
              7.5574394,
              47.5715605
            ],
            [
              7.5574182,
              47.5715544
            ],
            [
              7.5573998,
              47.571549
            ],
            [
              7.5574132,
              47.571528
            ],
            [
              7.5574476,
              47.5714745
            ],
            [
              7.5574869,
              47.5714861
            ],
            [
              7.5574394,
              47.5715605
            ]
          ]
        ]
      },
      "id": "way/318384438"
    },
    {
      "type": "Feature",
      "properties": {
        "@id": "way/318389456",
        "building": "retail",
        "source": "Geodaten Kanton Basel-Stadt"
      },
      "geometry": {
        "type": "Polygon",
        "coordinates": [
          [
            [
              7.5633653,
              47.5633098
            ],
            [
              7.5633882,
              47.5632519
            ],
            [
              7.5634783,
              47.5632684
            ],
            [
              7.5634623,
              47.563309
            ],
            [
              7.5634555,
              47.5633264
            ],
            [
              7.5633653,
              47.5633098
            ]
          ]
        ]
      },
      "id": "way/318389456"
    },
    {
      "type": "Feature",
      "properties": {
        "@id": "way/318389669",
        "building": "retail",
        "source": "Geodaten Kanton Basel-Stadt"
      },
      "geometry": {
        "type": "Polygon",
        "coordinates": [
          [
            [
              7.5655222,
              47.5615251
            ],
            [
              7.5655284,
              47.5615026
            ],
            [
              7.5655926,
              47.5615035
            ],
            [
              7.5656848,
              47.5615047
            ],
            [
              7.5656825,
              47.5615692
            ],
            [
              7.5655496,
              47.561567
            ],
            [
              7.5655458,
              47.5615661
            ],
            [
              7.5655562,
              47.5615299
            ],
            [
              7.5655222,
              47.5615251
            ]
          ]
        ]
      },
      "id": "way/318389669"
    },
    {
      "type": "Feature",
      "properties": {
        "@id": "way/318389673",
        "building": "retail",
        "source": "Geodaten Kanton Basel-Stadt"
      },
      "geometry": {
        "type": "Polygon",
        "coordinates": [
          [
            [
              7.564907,
              47.5613095
            ],
            [
              7.5647688,
              47.5613003
            ],
            [
              7.564693,
              47.5612953
            ],
            [
              7.5647256,
              47.5611406
            ],
            [
              7.5647583,
              47.5609859
            ],
            [
              7.5647914,
              47.5608293
            ],
            [
              7.5649724,
              47.5608446
            ],
            [
              7.5649206,
              47.5612133
            ],
            [
              7.564907,
              47.5613095
            ]
          ]
        ]
      },
      "id": "way/318389673"
    },
    {
      "type": "Feature",
      "properties": {
        "@id": "way/326730853",
        "addr:housenumber": "15",
        "addr:street": "Neuweilerstrasse",
        "building": "retail",
        "source": "Geodaten Kanton Basel-Stadt"
      },
      "geometry": {
        "type": "Polygon",
        "coordinates": [
          [
            [
              7.5632018,
              47.5462758
            ],
            [
              7.5631799,
              47.5463415
            ],
            [
              7.5631227,
              47.5463333
            ],
            [
              7.5631209,
              47.5463363
            ],
            [
              7.5630898,
              47.5464354
            ],
            [
              7.563009,
              47.5464239
            ],
            [
              7.5630639,
              47.5462506
            ],
            [
              7.5632018,
              47.5462758
            ]
          ]
        ]
      },
      "id": "way/326730853"
    },
    {
      "type": "Feature",
      "properties": {
        "@id": "way/326774257",
        "building": "retail",
        "source": "Geodaten Kanton Basel-Stadt"
      },
      "geometry": {
        "type": "Polygon",
        "coordinates": [
          [
            [
              7.5611531,
              47.5487787
            ],
            [
              7.5611738,
              47.5487817
            ],
            [
              7.5612382,
              47.5487912
            ],
            [
              7.5612005,
              47.5489081
            ],
            [
              7.5611155,
              47.5488954
            ],
            [
              7.5611161,
              47.5488933
            ],
            [
              7.561143,
              47.54881
            ],
            [
              7.5611531,
              47.5487787
            ]
          ]
        ]
      },
      "id": "way/326774257"
    },
    {
      "type": "Feature",
      "properties": {
        "@id": "way/327318693",
        "amenity": "restaurant",
        "building": "retail",
        "check_date": "2026-06-14",
        "indoor_seating": "yes",
        "name": "Pavillon im Park",
        "opening_hours": "Mo off; Tu-Sa 10:00-sunset; Su 10:00-18:30",
        "outdoor_seating": "yes",
        "smoking": "outside",
        "website": "https://www.parkpavillon.ch/"
      },
      "geometry": {
        "type": "Polygon",
        "coordinates": [
          [
            [
              7.5746215,
              47.5524275
            ],
            [
              7.5745585,
              47.5524932
            ],
            [
              7.574584,
              47.5525055
            ],
            [
              7.5745401,
              47.5525464
            ],
            [
              7.574499,
              47.5525262
            ],
            [
              7.5745134,
              47.5525127
            ],
            [
              7.5744934,
              47.5525037
            ],
            [
              7.574481,
              47.5525182
            ],
            [
              7.5744116,
              47.5524912
            ],
            [
              7.574449,
              47.5524476
            ],
            [
              7.574476,
              47.5524582
            ],
            [
              7.5744875,
              47.5524462
            ],
            [
              7.5745392,
              47.5523923
            ],
            [
              7.5745137,
              47.5523798
            ],
            [
              7.574546,
              47.5523498
            ],
            [
              7.5745913,
              47.5523722
            ],
            [
              7.5745779,
              47.5523848
            ],
            [
              7.5745955,
              47.5523925
            ],
            [
              7.5746068,
              47.5523789
            ],
            [
              7.5746761,
              47.552406
            ],
            [
              7.5746488,
              47.5524381
            ],
            [
              7.5746215,
              47.5524275
            ]
          ]
        ]
      },
      "id": "way/327318693"
    },
    {
      "type": "Feature",
      "properties": {
        "@id": "way/332039050",
        "building": "retail",
        "source": "Geodaten Kanton Basel-Stadt"
      },
      "geometry": {
        "type": "Polygon",
        "coordinates": [
          [
            [
              7.6052924,
              47.529967
            ],
            [
              7.6054164,
              47.5299728
            ],
            [
              7.6054192,
              47.529946
            ],
            [
              7.6054992,
              47.5299498
            ],
            [
              7.6054719,
              47.5302131
            ],
            [
              7.6053744,
              47.5302085
            ],
            [
              7.6052683,
              47.5302035
            ],
            [
              7.6052691,
              47.5301959
            ],
            [
              7.6052052,
              47.5301929
            ],
            [
              7.6052145,
              47.5301037
            ],
            [
              7.6052779,
              47.5301067
            ],
            [
              7.6052924,
              47.529967
            ]
          ]
        ]
      },
      "id": "way/332039050"
    },
    {
      "type": "Feature",
      "properties": {
        "@id": "way/334736093",
        "building": "retail",
        "source": "Geodaten Kanton Basel-Stadt"
      },
      "geometry": {
        "type": "Polygon",
        "coordinates": [
          [
            [
              7.5826484,
              47.5449392
            ],
            [
              7.5825354,
              47.5448297
            ],
            [
              7.583146,
              47.5445402
            ],
            [
              7.583092,
              47.5444763
            ],
            [
              7.583068,
              47.5444479
            ],
            [
              7.5834806,
              47.5443109
            ],
            [
              7.5835928,
              47.5442675
            ],
            [
              7.5836569,
              47.5443434
            ],
            [
              7.5835736,
              47.5443757
            ],
            [
              7.5837131,
              47.5445411
            ],
            [
              7.5836028,
              47.5445838
            ],
            [
              7.583475,
              47.5446334
            ],
            [
              7.5833977,
              47.5446633
            ],
            [
              7.5834176,
              47.5446827
            ],
            [
              7.5833796,
              47.5447007
            ],
            [
              7.5833096,
              47.5447337
            ],
            [
              7.5833592,
              47.5447923
            ],
            [
              7.5833847,
              47.5448224
            ],
            [
              7.5829722,
              47.5450173
            ],
            [
              7.5828103,
              47.5450938
            ],
            [
              7.5827339,
              47.5450183
            ],
            [
              7.5826949,
              47.5449799
            ],
            [
              7.5827497,
              47.5449544
            ],
            [
              7.5827715,
              47.5449754
            ],
            [
              7.5828372,
              47.5449441
            ],
            [
              7.582844,
              47.5449506
            ],
            [
              7.5829798,
              47.5448866
            ],
            [
              7.5828872,
              47.544797
            ],
            [
              7.5827015,
              47.5448851
            ],
            [
              7.5827215,
              47.5449041
            ],
            [
              7.5826484,
              47.5449392
            ]
          ]
        ]
      },
      "id": "way/334736093"
    },
    {
      "type": "Feature",
      "properties": {
        "@id": "way/334902605",
        "building": "retail",
        "source": "Geodaten Kanton Basel-Stadt"
      },
      "geometry": {
        "type": "Polygon",
        "coordinates": [
          [
            [
              7.591967,
              47.5405416
            ],
            [
              7.592116,
              47.5404979
            ],
            [
              7.5921404,
              47.5405361
            ],
            [
              7.5922049,
              47.540637
            ],
            [
              7.5922096,
              47.5406445
            ],
            [
              7.592106,
              47.5406932
            ],
            [
              7.5921045,
              47.5406917
            ],
            [
              7.5920983,
              47.5406946
            ],
            [
              7.5920885,
              47.5406851
            ],
            [
              7.5919593,
              47.5405605
            ],
            [
              7.591967,
              47.5405416
            ]
          ]
        ]
      },
      "id": "way/334902605"
    },
    {
      "type": "Feature",
      "properties": {
        "@id": "way/334902620",
        "building": "retail",
        "source": "Geodaten Kanton Basel-Stadt"
      },
      "geometry": {
        "type": "Polygon",
        "coordinates": [
          [
            [
              7.5923131,
              47.5409018
            ],
            [
              7.5920983,
              47.5406946
            ],
            [
              7.5921045,
              47.5406917
            ],
            [
              7.592106,
              47.5406932
            ],
            [
              7.5922096,
              47.5406445
            ],
            [
              7.5923067,
              47.5407382
            ],
            [
              7.5923164,
              47.5407335
            ],
            [
              7.5923322,
              47.5407561
            ],
            [
              7.5923278,
              47.5407586
            ],
            [
              7.5924225,
              47.54085
            ],
            [
              7.5923131,
              47.5409018
            ]
          ]
        ]
      },
      "id": "way/334902620"
    },
    {
      "type": "Feature",
      "properties": {
        "@id": "way/334902727",
        "building": "retail",
        "nohousenumber": "yes",
        "source": "Geodaten Kanton Basel-Stadt"
      },
      "geometry": {
        "type": "Polygon",
        "coordinates": [
          [
            [
              7.5926616,
              47.5412378
            ],
            [
              7.592499,
              47.541081
            ],
            [
              7.5926081,
              47.5410292
            ],
            [
              7.5927705,
              47.541186
            ],
            [
              7.5926616,
              47.5412378
            ]
          ]
        ]
      },
      "id": "way/334902727"
    },
    {
      "type": "Feature",
      "properties": {
        "@id": "way/334902735",
        "building": "retail",
        "nohousenumber": "yes",
        "source": "Geodaten Kanton Basel-Stadt"
      },
      "geometry": {
        "type": "Polygon",
        "coordinates": [
          [
            [
              7.592499,
              47.541081
            ],
            [
              7.5923131,
              47.5409018
            ],
            [
              7.5924225,
              47.54085
            ],
            [
              7.5926081,
              47.5410292
            ],
            [
              7.592499,
              47.541081
            ]
          ]
        ]
      },
      "id": "way/334902735"
    },
    {
      "type": "Feature",
      "properties": {
        "@id": "way/334902736",
        "building": "retail",
        "source": "Geodaten Kanton Basel-Stadt"
      },
      "geometry": {
        "type": "Polygon",
        "coordinates": [
          [
            [
              7.5927705,
              47.541186
            ],
            [
              7.592984,
              47.5413922
            ],
            [
              7.5928754,
              47.5414438
            ],
            [
              7.5926616,
              47.5412378
            ],
            [
              7.5927705,
              47.541186
            ]
          ]
        ]
      },
      "id": "way/334902736"
    },
    {
      "type": "Feature",
      "properties": {
        "@id": "way/334902765",
        "building": "retail",
        "source": "Geodaten Kanton Basel-Stadt"
      },
      "geometry": {
        "type": "Polygon",
        "coordinates": [
          [
            [
              7.5930232,
              47.5415864
            ],
            [
              7.5931106,
              47.5415448
            ],
            [
              7.5932823,
              47.5417105
            ],
            [
              7.5932153,
              47.5417421
            ],
            [
              7.5931948,
              47.5417518
            ],
            [
              7.5930232,
              47.5415864
            ]
          ]
        ]
      },
      "id": "way/334902765"
    },
    {
      "type": "Feature",
      "properties": {
        "@id": "way/334902864",
        "building": "retail",
        "nohousenumber": "yes",
        "source": "Geodaten Kanton Basel-Stadt"
      },
      "geometry": {
        "type": "Polygon",
        "coordinates": [
          [
            [
              7.5929852,
              47.5413933
            ],
            [
              7.59298,
              47.5413957
            ],
            [
              7.5929914,
              47.5414069
            ],
            [
              7.5929755,
              47.5414144
            ],
            [
              7.5931106,
              47.5415448
            ],
            [
              7.5930232,
              47.5415864
            ],
            [
              7.5928754,
              47.5414438
            ],
            [
              7.592984,
              47.5413922
            ],
            [
              7.5929852,
              47.5413933
            ]
          ]
        ]
      },
      "id": "way/334902864"
    },
    {
      "type": "Feature",
      "properties": {
        "@id": "way/334902870",
        "building": "retail",
        "source": "Geodaten Kanton Basel-Stadt"
      },
      "geometry": {
        "type": "Polygon",
        "coordinates": [
          [
            [
              7.5925037,
              47.5407376
            ],
            [
              7.5923499,
              47.5404996
            ],
            [
              7.5923118,
              47.5404402
            ],
            [
              7.5926922,
              47.5403282
            ],
            [
              7.5930594,
              47.5402201
            ],
            [
              7.5932498,
              47.5405184
            ],
            [
              7.5928352,
              47.5406402
            ],
            [
              7.5928438,
              47.5406537
            ],
            [
              7.5928196,
              47.5406608
            ],
            [
              7.5928109,
              47.5406473
            ],
            [
              7.5925037,
              47.5407376
            ]
          ]
        ]
      },
      "id": "way/334902870"
    },
    {
      "type": "Feature",
      "properties": {
        "@id": "way/337954707",
        "building": "retail",
        "source": "Geodaten Kanton Basel-Stadt"
      },
      "geometry": {
        "type": "Polygon",
        "coordinates": [
          [
            [
              7.6069515,
              47.5382281
            ],
            [
              7.6067361,
              47.5384301
            ],
            [
              7.6067059,
              47.5384583
            ],
            [
              7.6065231,
              47.5386119
            ],
            [
              7.6064958,
              47.5385946
            ],
            [
              7.6064868,
              47.5386026
            ],
            [
              7.6063661,
              47.5385427
            ],
            [
              7.6065457,
              47.5384254
            ],
            [
              7.6065675,
              47.5384397
            ],
            [
              7.6066585,
              47.5383747
            ],
            [
              7.6066518,
              47.5383704
            ],
            [
              7.6068985,
              47.5381943
            ],
            [
              7.6069515,
              47.5382281
            ]
          ]
        ]
      },
      "id": "way/337954707"
    },
    {
      "type": "Feature",
      "properties": {
        "@id": "way/337954724",
        "building": "retail",
        "building:levels": "4",
        "roof:levels": "0",
        "source": "Geodaten Kanton Basel-Stadt"
      },
      "geometry": {
        "type": "Polygon",
        "coordinates": [
          [
            [
              7.6088089,
              47.5370582
            ],
            [
              7.6088795,
              47.5370034
            ],
            [
              7.6089341,
              47.536961
            ],
            [
              7.6089994,
              47.536923
            ],
            [
              7.6090995,
              47.5368864
            ],
            [
              7.609294,
              47.5368589
            ],
            [
              7.609295,
              47.5368633
            ],
            [
              7.6093013,
              47.5368627
            ],
            [
              7.6093305,
              47.5368596
            ],
            [
              7.6093532,
              47.5369671
            ],
            [
              7.6092838,
              47.5369739
            ],
            [
              7.6092829,
              47.5370028
            ],
            [
              7.6092687,
              47.5370444
            ],
            [
              7.6092161,
              47.5371206
            ],
            [
              7.6092478,
              47.5371392
            ],
            [
              7.6092378,
              47.5371492
            ],
            [
              7.6092757,
              47.5371666
            ],
            [
              7.6091965,
              47.5372483
            ],
            [
              7.609127,
              47.5372175
            ],
            [
              7.6089503,
              47.5371131
            ],
            [
              7.6089295,
              47.537129
            ],
            [
              7.6088089,
              47.5370582
            ]
          ]
        ]
      },
      "id": "way/337954724"
    },
    {
      "type": "Feature",
      "properties": {
        "@id": "way/337954742",
        "addr:city": "Basel",
        "addr:housenumber": "270",
        "addr:postcode": "4053",
        "addr:street": "Münchensteinerstrasse",
        "building": "retail",
        "building:levels": "4",
        "smoking": "outside",
        "source": "Geodaten Kanton Basel-Stadt",
        "website": "https://www.upc.ch/"
      },
      "geometry": {
        "type": "Polygon",
        "coordinates": [
          [
            [
              7.6086088,
              47.536531
            ],
            [
              7.6087928,
              47.5366116
            ],
            [
              7.6084621,
              47.5368728
            ],
            [
              7.6083362,
              47.5368172
            ],
            [
              7.6084236,
              47.5367238
            ],
            [
              7.6084284,
              47.5367184
            ],
            [
              7.6084704,
              47.5366747
            ],
            [
              7.6086088,
              47.536531
            ]
          ]
        ]
      },
      "id": "way/337954742"
    },
    {
      "type": "Feature",
      "properties": {
        "@id": "way/337954786",
        "building": "retail",
        "source": "Geodaten Kanton Basel-Stadt"
      },
      "geometry": {
        "type": "Polygon",
        "coordinates": [
          [
            [
              7.6066035,
              47.5370575
            ],
            [
              7.6062482,
              47.537025
            ],
            [
              7.6062487,
              47.5370227
            ],
            [
              7.6061003,
              47.5370092
            ],
            [
              7.6061313,
              47.5368513
            ],
            [
              7.6063373,
              47.53687
            ],
            [
              7.6066351,
              47.536897
            ],
            [
              7.6066339,
              47.5369079
            ],
            [
              7.6066089,
              47.53703
            ],
            [
              7.6066035,
              47.5370575
            ]
          ]
        ]
      },
      "id": "way/337954786"
    },
    {
      "type": "Feature",
      "properties": {
        "@id": "way/337954800",
        "building": "retail",
        "building:levels": "5",
        "source": "Geodaten Kanton Basel-Stadt"
      },
      "geometry": {
        "type": "Polygon",
        "coordinates": [
          [
            [
              7.6063103,
              47.5387734
            ],
            [
              7.6062544,
              47.5387347
            ],
            [
              7.6062178,
              47.5387093
            ],
            [
              7.6063252,
              47.5386384
            ],
            [
              7.6064176,
              47.5387025
            ],
            [
              7.6063359,
              47.5387566
            ],
            [
              7.6063542,
              47.5387693
            ],
            [
              7.6063349,
              47.5387819
            ],
            [
              7.6063166,
              47.5387693
            ],
            [
              7.6063103,
              47.5387734
            ]
          ]
        ]
      },
      "id": "way/337954800"
    },
    {
      "type": "Feature",
      "properties": {
        "@id": "way/337954805",
        "building": "retail",
        "name": "M-Parc",
        "source": "Geodaten Kanton Basel-Stadt"
      },
      "geometry": {
        "type": "Polygon",
        "coordinates": [
          [
            [
              7.6032338,
              47.539607
            ],
            [
              7.6035704,
              47.5388712
            ],
            [
              7.6036898,
              47.5388358
            ],
            [
              7.6036989,
              47.5388495
            ],
            [
              7.6042171,
              47.5386957
            ],
            [
              7.6042185,
              47.5386979
            ],
            [
              7.6047794,
              47.5385321
            ],
            [
              7.6048038,
              47.53857
            ],
            [
              7.6048527,
              47.5385541
            ],
            [
              7.6048495,
              47.5385492
            ],
            [
              7.6050859,
              47.5384794
            ],
            [
              7.605298,
              47.538811
            ],
            [
              7.6052211,
              47.5388336
            ],
            [
              7.6052729,
              47.5389146
            ],
            [
              7.6055504,
              47.5388329
            ],
            [
              7.6058233,
              47.5387806
            ],
            [
              7.6058413,
              47.5388024
            ],
            [
              7.6058552,
              47.5388303
            ],
            [
              7.6052351,
              47.5390125
            ],
            [
              7.605187,
              47.5390266
            ],
            [
              7.6051004,
              47.539052
            ],
            [
              7.6052883,
              47.5393442
            ],
            [
              7.6043046,
              47.5396327
            ],
            [
              7.6042554,
              47.5395559
            ],
            [
              7.6041609,
              47.5395836
            ],
            [
              7.6041689,
              47.539596
            ],
            [
              7.6041247,
              47.5396091
            ],
            [
              7.6040758,
              47.5396235
            ],
            [
              7.6040677,
              47.5396109
            ],
            [
              7.6039508,
              47.5396453
            ],
            [
              7.6038165,
              47.5394357
            ],
            [
              7.6032338,
              47.539607
            ]
          ]
        ]
      },
      "id": "way/337954805"
    },
    {
      "type": "Feature",
      "properties": {
        "@id": "way/339181055",
        "addr:city": "Basel",
        "addr:housenumber": "29",
        "addr:postcode": "4053",
        "addr:street": "Reinacherstrasse",
        "alt_name": "OBI Dreispitz",
        "branch": "Basel Dreispitz MParc",
        "brand": "OBI",
        "brand:wikidata": "Q300518",
        "building": "retail",
        "check_date:opening_hours": "2023-12-21",
        "name": "OBI",
        "opening_hours": "Mo-Fr 09:00-20:00, Sa 09:00-18:00",
        "operator": "Genossenschaft Migros Basel",
        "phone": "+41 58 575 82 00",
        "shop": "doityourself",
        "source": "Geodaten Kanton Basel-Stadt",
        "website": "https://www.obi.ch/de/baumarkt/basel/",
        "wheelchair": "yes"
      },
      "geometry": {
        "type": "Polygon",
        "coordinates": [
          [
            [
              7.6029664,
              47.5412985
            ],
            [
              7.6028601,
              47.5411325
            ],
            [
              7.6029823,
              47.541097
            ],
            [
              7.6028871,
              47.5409483
            ],
            [
              7.6029661,
              47.5409249
            ],
            [
              7.6028521,
              47.5407461
            ],
            [
              7.6029404,
              47.5407201
            ],
            [
              7.6028582,
              47.5405915
            ],
            [
              7.603347,
              47.540448
            ],
            [
              7.6033231,
              47.5404097
            ],
            [
              7.6034111,
              47.5403839
            ],
            [
              7.6035263,
              47.54035
            ],
            [
              7.6035508,
              47.5403878
            ],
            [
              7.6041575,
              47.5402108
            ],
            [
              7.6041311,
              47.5401696
            ],
            [
              7.6041922,
              47.5401516
            ],
            [
              7.6042558,
              47.5401329
            ],
            [
              7.6042825,
              47.5401741
            ],
            [
              7.6044784,
              47.5401166
            ],
            [
              7.6046382,
              47.5403665
            ],
            [
              7.6039075,
              47.5405841
            ],
            [
              7.6040523,
              47.5408104
            ],
            [
              7.6029664,
              47.5412985
            ]
          ]
        ]
      },
      "id": "way/339181055"
    },
    {
      "type": "Feature",
      "properties": {
        "@id": "way/340414787",
        "building": "retail",
        "building:levels": "1",
        "roof:levels": "0",
        "source": "Geodaten Kanton Basel-Stadt"
      },
      "geometry": {
        "type": "Polygon",
        "coordinates": [
          [
            [
              7.6107558,
              47.5481309
            ],
            [
              7.6108484,
              47.5481995
            ],
            [
              7.6107202,
              47.5482768
            ],
            [
              7.6106824,
              47.5482489
            ],
            [
              7.6106605,
              47.5482327
            ],
            [
              7.6106688,
              47.5482276
            ],
            [
              7.610651,
              47.5481982
            ],
            [
              7.6107558,
              47.5481309
            ]
          ]
        ]
      },
      "id": "way/340414787"
    },
    {
      "type": "Feature",
      "properties": {
        "@id": "way/340414814",
        "building": "retail",
        "building:levels": "2",
        "roof:shape": "flat",
        "source": "Geodaten Kanton Basel-Stadt"
      },
      "geometry": {
        "type": "Polygon",
        "coordinates": [
          [
            [
              7.6104614,
              47.5480193
            ],
            [
              7.6105436,
              47.5479956
            ],
            [
              7.6106729,
              47.5479584
            ],
            [
              7.6106754,
              47.5479625
            ],
            [
              7.610672,
              47.5479634
            ],
            [
              7.610732,
              47.548062
            ],
            [
              7.6107355,
              47.548061
            ],
            [
              7.6107381,
              47.5480653
            ],
            [
              7.6105248,
              47.5481232
            ],
            [
              7.6104721,
              47.5480369
            ],
            [
              7.6104614,
              47.5480193
            ]
          ]
        ]
      },
      "id": "way/340414814"
    },
    {
      "type": "Feature",
      "properties": {
        "@id": "way/349285407",
        "building": "retail",
        "building:levels": "1",
        "roof:shape": "flat",
        "source": "Geodaten Kanton Basel-Stadt"
      },
      "geometry": {
        "type": "Polygon",
        "coordinates": [
          [
            [
              7.6141552,
              47.5551972
            ],
            [
              7.6139378,
              47.555141
            ],
            [
              7.6137205,
              47.555085
            ],
            [
              7.6137322,
              47.5550641
            ],
            [
              7.6137473,
              47.5550681
            ],
            [
              7.6137823,
              47.5550771
            ],
            [
              7.6137881,
              47.5550671
            ],
            [
              7.6137849,
              47.5550663
            ],
            [
              7.6138422,
              47.5549648
            ],
            [
              7.6141859,
              47.5550523
            ],
            [
              7.6141283,
              47.555155
            ],
            [
              7.6141179,
              47.5551524
            ],
            [
              7.6141123,
              47.5551624
            ],
            [
              7.6141668,
              47.5551765
            ],
            [
              7.6141552,
              47.5551972
            ]
          ]
        ]
      },
      "id": "way/349285407"
    },
    {
      "type": "Feature",
      "properties": {
        "@id": "way/349285412",
        "building": "retail",
        "source": "Geodaten Kanton Basel-Stadt"
      },
      "geometry": {
        "type": "Polygon",
        "coordinates": [
          [
            [
              7.6173313,
              47.557015
            ],
            [
              7.617372,
              47.5569715
            ],
            [
              7.6173924,
              47.5569514
            ],
            [
              7.6174921,
              47.5569955
            ],
            [
              7.6174305,
              47.5570589
            ],
            [
              7.6173313,
              47.557015
            ]
          ]
        ]
      },
      "id": "way/349285412"
    },
    {
      "type": "Feature",
      "properties": {
        "@id": "way/349285416",
        "building": "retail",
        "source": "Geodaten Kanton Basel-Stadt"
      },
      "geometry": {
        "type": "Polygon",
        "coordinates": [
          [
            [
              7.6171847,
              47.5569879
            ],
            [
              7.6172797,
              47.5570285
            ],
            [
              7.6172224,
              47.5570896
            ],
            [
              7.6171274,
              47.557049
            ],
            [
              7.6171847,
              47.5569879
            ]
          ]
        ]
      },
      "id": "way/349285416"
    },
    {
      "type": "Feature",
      "properties": {
        "@id": "way/349295738",
        "building": "retail",
        "building:levels": "1",
        "roof:levels": "1",
        "roof:shape": "pyramidal",
        "source": "Geodaten Kanton Basel-Stadt"
      },
      "geometry": {
        "type": "Polygon",
        "coordinates": [
          [
            [
              7.6099877,
              47.5540131
            ],
            [
              7.6099964,
              47.5540015
            ],
            [
              7.609976,
              47.5539945
            ],
            [
              7.6099997,
              47.5539629
            ],
            [
              7.6100202,
              47.55397
            ],
            [
              7.6100289,
              47.5539584
            ],
            [
              7.6100408,
              47.5539625
            ],
            [
              7.6100728,
              47.5539202
            ],
            [
              7.6101076,
              47.5539126
            ],
            [
              7.6101504,
              47.5539275
            ],
            [
              7.6101617,
              47.553951
            ],
            [
              7.6101299,
              47.5539935
            ],
            [
              7.6101418,
              47.5539977
            ],
            [
              7.6101005,
              47.5540523
            ],
            [
              7.6100241,
              47.5540258
            ],
            [
              7.6099877,
              47.5540131
            ]
          ]
        ]
      },
      "id": "way/349295738"
    },
    {
      "type": "Feature",
      "properties": {
        "@id": "way/353587420",
        "architect": "Franz Bräuning;Arthur Dürig",
        "architect:wikidata": "Q15792993",
        "building": "retail",
        "heritage": "6",
        "source": "Geodaten Kanton Basel-Stadt",
        "wikidata": "Q138744972",
        "wikimedia_commons": "Category:Büro- und Geschäftshaus Aeschenvorstadt 2–6/Elisabethenstrasse 3 (Basel)"
      },
      "geometry": {
        "type": "Polygon",
        "coordinates": [
          [
            [
              7.592236,
              47.5534681
            ],
            [
              7.5922322,
              47.5534664
            ],
            [
              7.5922293,
              47.5534691
            ],
            [
              7.592218,
              47.5534637
            ],
            [
              7.5922011,
              47.5534557
            ],
            [
              7.5920644,
              47.5533907
            ],
            [
              7.5920574,
              47.5533885
            ],
            [
              7.5920603,
              47.5533857
            ],
            [
              7.5920561,
              47.5533838
            ],
            [
              7.5920604,
              47.5533796
            ],
            [
              7.5920627,
              47.5533807
            ],
            [
              7.5920779,
              47.5533658
            ],
            [
              7.5920892,
              47.5533547
            ],
            [
              7.5920662,
              47.5533376
            ],
            [
              7.5919165,
              47.5532262
            ],
            [
              7.5918438,
              47.553172
            ],
            [
              7.5918445,
              47.5531717
            ],
            [
              7.5918628,
              47.5531577
            ],
            [
              7.5919542,
              47.5530877
            ],
            [
              7.5919744,
              47.5530722
            ],
            [
              7.5920547,
              47.5530107
            ],
            [
              7.5922079,
              47.5530825
            ],
            [
              7.5921187,
              47.5531696
            ],
            [
              7.5922276,
              47.5532208
            ],
            [
              7.5922376,
              47.553211
            ],
            [
              7.592252,
              47.553197
            ],
            [
              7.5922072,
              47.5531627
            ],
            [
              7.592276,
              47.5531385
            ],
            [
              7.5923005,
              47.5531495
            ],
            [
              7.5923107,
              47.5531395
            ],
            [
              7.5924431,
              47.5532018
            ],
            [
              7.5924466,
              47.5531984
            ],
            [
              7.592458,
              47.5532038
            ],
            [
              7.5924732,
              47.5532098
            ],
            [
              7.5924884,
              47.5532159
            ],
            [
              7.5924856,
              47.5532187
            ],
            [
              7.5924893,
              47.5532204
            ],
            [
              7.592236,
              47.5534681
            ]
          ]
        ]
      },
      "id": "way/353587420"
    },
    {
      "type": "Feature",
      "properties": {
        "@id": "way/355136691",
        "building": "retail",
        "source": "Geodaten Kanton Basel-Stadt"
      },
      "geometry": {
        "type": "Polygon",
        "coordinates": [
          [
            [
              7.5887007,
              47.5527873
            ],
            [
              7.5886777,
              47.5527613
            ],
            [
              7.5886673,
              47.5527496
            ],
            [
              7.5888017,
              47.5526888
            ],
            [
              7.5888026,
              47.5526883
            ],
            [
              7.588844,
              47.5527366
            ],
            [
              7.5888448,
              47.5527386
            ],
            [
              7.5887673,
              47.5527706
            ],
            [
              7.5887715,
              47.5527753
            ],
            [
              7.5887291,
              47.5527926
            ],
            [
              7.588725,
              47.5527882
            ],
            [
              7.5887007,
              47.5527873
            ]
          ]
        ]
      },
      "id": "way/355136691"
    },
    {
      "type": "Feature",
      "properties": {
        "@id": "way/355526641",
        "building": "retail",
        "source": "Geodaten Kanton Basel-Stadt"
      },
      "geometry": {
        "type": "Polygon",
        "coordinates": [
          [
            [
              7.5846602,
              47.5627552
            ],
            [
              7.5845802,
              47.5627098
            ],
            [
              7.5846022,
              47.5626929
            ],
            [
              7.5846567,
              47.5627257
            ],
            [
              7.5846845,
              47.5626987
            ],
            [
              7.5848907,
              47.5628008
            ],
            [
              7.5848684,
              47.5628283
            ],
            [
              7.5848596,
              47.5628392
            ],
            [
              7.5846954,
              47.5627724
            ],
            [
              7.5846602,
              47.5627552
            ]
          ]
        ]
      },
      "id": "way/355526641"
    },
    {
      "type": "Feature",
      "properties": {
        "@id": "way/377272775",
        "building": "retail",
        "building:levels": "1",
        "nohousenumber": "yes",
        "roof:shape": "flat"
      },
      "geometry": {
        "type": "Polygon",
        "coordinates": [
          [
            [
              7.590614,
              47.5470545
            ],
            [
              7.5905191,
              47.5470839
            ],
            [
              7.5904698,
              47.5470204
            ],
            [
              7.590565,
              47.546985
            ],
            [
              7.590614,
              47.5470545
            ]
          ]
        ]
      },
      "id": "way/377272775"
    },
    {
      "type": "Feature",
      "properties": {
        "@id": "way/378635941",
        "addr:housenumber": "2",
        "addr:street": "Mauerstrasse",
        "building": "retail",
        "building:levels": "1",
        "roof:levels": "0"
      },
      "geometry": {
        "type": "Polygon",
        "coordinates": [
          [
            [
              7.5905687,
              47.5736881
            ],
            [
              7.5905632,
              47.5736114
            ],
            [
              7.5906102,
              47.5736099
            ],
            [
              7.5906158,
              47.5736865
            ],
            [
              7.5905687,
              47.5736881
            ]
          ]
        ]
      },
      "id": "way/378635941"
    },
    {
      "type": "Feature",
      "properties": {
        "@id": "way/379544497",
        "area": "yes",
        "description": "Voltaplatz",
        "highway": "pedestrian",
        "lit": "no",
        "surface": "asphalt"
      },
      "geometry": {
        "type": "Polygon",
        "coordinates": [
          [
            [
              7.577567,
              47.5707222
            ],
            [
              7.5775657,
              47.5707033
            ],
            [
              7.5775633,
              47.5706664
            ],
            [
              7.5775875,
              47.5706048
            ],
            [
              7.5777149,
              47.5705323
            ],
            [
              7.5778024,
              47.5704799
            ],
            [
              7.5780896,
              47.5704451
            ],
            [
              7.5781407,
              47.5704515
            ],
            [
              7.5781691,
              47.570455
            ],
            [
              7.578029,
              47.5706169
            ],
            [
              7.5779578,
              47.5706714
            ],
            [
              7.5779244,
              47.5706888
            ],
            [
              7.5778867,
              47.5707004
            ],
            [
              7.5778198,
              47.5707071
            ],
            [
              7.577567,
              47.5707222
            ]
          ]
        ]
      },
      "id": "way/379544497"
    },
    {
      "type": "Feature",
      "properties": {
        "@id": "way/379544500",
        "area": "yes",
        "description": "Voltaplatz",
        "highway": "pedestrian",
        "lit": "yes",
        "name:etymology:wikidata": "Q680",
        "surface": "asphalt"
      },
      "geometry": {
        "type": "Polygon",
        "coordinates": [
          [
            [
              7.5777415,
              47.5711478
            ],
            [
              7.5779757,
              47.5709196
            ],
            [
              7.5780101,
              47.5709039
            ],
            [
              7.5780596,
              47.5708895
            ],
            [
              7.5781026,
              47.5708856
            ],
            [
              7.5792056,
              47.5708637
            ],
            [
              7.5792014,
              47.5709039
            ],
            [
              7.5791687,
              47.571219
            ],
            [
              7.5790945,
              47.5712373
            ],
            [
              7.5791063,
              47.5713032
            ],
            [
              7.5789824,
              47.571384
            ],
            [
              7.5788989,
              47.5713494
            ],
            [
              7.578664,
              47.5712447
            ],
            [
              7.5786608,
              47.5712478
            ],
            [
              7.5784041,
              47.5711871
            ],
            [
              7.5783282,
              47.5711691
            ],
            [
              7.5782092,
              47.5711075
            ],
            [
              7.5780807,
              47.571146
            ],
            [
              7.5780405,
              47.5711567
            ],
            [
              7.5778529,
              47.5712068
            ],
            [
              7.5777917,
              47.5711878
            ],
            [
              7.5777786,
              47.5711774
            ],
            [
              7.5777415,
              47.5711478
            ]
          ]
        ]
      },
      "id": "way/379544500"
    },
    {
      "type": "Feature",
      "properties": {
        "@id": "way/379772550",
        "area": "yes",
        "highway": "pedestrian",
        "lit": "yes",
        "surface": "compacted"
      },
      "geometry": {
        "type": "Polygon",
        "coordinates": [
          [
            [
              7.5939965,
              47.543055
            ],
            [
              7.5942077,
              47.5429759
            ],
            [
              7.5942887,
              47.5429999
            ],
            [
              7.594402,
              47.5431737
            ],
            [
              7.5943967,
              47.5431773
            ],
            [
              7.5943862,
              47.5431763
            ],
            [
              7.5940042,
              47.5430691
            ],
            [
              7.5939965,
              47.543055
            ]
          ]
        ]
      },
      "id": "way/379772550"
    },
    {
      "type": "Feature",
      "properties": {
        "@id": "way/379772551",
        "area": "yes",
        "highway": "pedestrian",
        "lit": "yes",
        "surface": "compacted"
      },
      "geometry": {
        "type": "Polygon",
        "coordinates": [
          [
            [
              7.5943722,
              47.5429219
            ],
            [
              7.594503,
              47.5428777
            ],
            [
              7.5946606,
              47.5428289
            ],
            [
              7.5946741,
              47.5428464
            ],
            [
              7.5946857,
              47.5428851
            ],
            [
              7.5946933,
              47.5429101
            ],
            [
              7.5946843,
              47.5429103
            ],
            [
              7.5946901,
              47.5429378
            ],
            [
              7.594687,
              47.5429871
            ],
            [
              7.5946364,
              47.5429843
            ],
            [
              7.5943834,
              47.5429673
            ],
            [
              7.5943722,
              47.5429219
            ]
          ]
        ]
      },
      "id": "way/379772551"
    },
    {
      "type": "Feature",
      "properties": {
        "@id": "way/379772552",
        "area": "yes",
        "highway": "pedestrian",
        "lit": "yes",
        "surface": "asphalt"
      },
      "geometry": {
        "type": "Polygon",
        "coordinates": [
          [
            [
              7.594063,
              47.5426479
            ],
            [
              7.5941025,
              47.5426275
            ],
            [
              7.594152,
              47.5426063
            ],
            [
              7.594218,
              47.5426189
            ],
            [
              7.5942167,
              47.542622
            ],
            [
              7.5942499,
              47.5426283
            ],
            [
              7.5942841,
              47.5426349
            ],
            [
              7.5942854,
              47.5426317
            ],
            [
              7.5943514,
              47.5426443
            ],
            [
              7.5944167,
              47.5426569
            ],
            [
              7.5944155,
              47.5426599
            ],
            [
              7.5944467,
              47.5426658
            ],
            [
              7.5944826,
              47.5426725
            ],
            [
              7.5944838,
              47.5426696
            ],
            [
              7.5945496,
              47.5426822
            ],
            [
              7.5945536,
              47.5426829
            ],
            [
              7.5945754,
              47.542718
            ],
            [
              7.5945989,
              47.5427486
            ],
            [
              7.5945433,
              47.542765
            ],
            [
              7.5944498,
              47.5427882
            ],
            [
              7.5944182,
              47.5427939
            ],
            [
              7.5943891,
              47.5427985
            ],
            [
              7.5941924,
              47.5427659
            ],
            [
              7.594112,
              47.5426925
            ],
            [
              7.594063,
              47.5426479
            ]
          ]
        ]
      },
      "id": "way/379772552"
    },
    {
      "type": "Feature",
      "properties": {
        "@id": "way/379772559",
        "area": "yes",
        "highway": "pedestrian",
        "lit": "yes",
        "surface": "compacted"
      },
      "geometry": {
        "type": "Polygon",
        "coordinates": [
          [
            [
              7.5944601,
              47.5431565
            ],
            [
              7.5943972,
              47.543056
            ],
            [
              7.5944387,
              47.5430164
            ],
            [
              7.5946269,
              47.5430285
            ],
            [
              7.5946173,
              47.543063
            ],
            [
              7.5945332,
              47.5431405
            ],
            [
              7.5944601,
              47.5431565
            ]
          ]
        ]
      },
      "id": "way/379772559"
    },
    {
      "type": "Feature",
      "properties": {
        "@id": "way/429120626",
        "building": "retail",
        "building:levels": "1",
        "roof:levels": "1",
        "roof:orientation": "along",
        "roof:shape": "hipped"
      },
      "geometry": {
        "type": "Polygon",
        "coordinates": [
          [
            [
              7.5882723,
              47.5598925
            ],
            [
              7.5882825,
              47.5598985
            ],
            [
              7.5883218,
              47.5599219
            ],
            [
              7.5883322,
              47.5599281
            ],
            [
              7.5883147,
              47.5599419
            ],
            [
              7.5882974,
              47.5599554
            ],
            [
              7.5882864,
              47.5599489
            ],
            [
              7.5882807,
              47.5599455
            ],
            [
              7.5882368,
              47.5599195
            ],
            [
              7.5882723,
              47.5598925
            ]
          ]
        ]
      },
      "id": "way/429120626"
    },
    {
      "type": "Feature",
      "properties": {
        "@id": "way/446574939",
        "architect": "Leonhard Friedrich",
        "architect:wikidata": "Q20605300",
        "building": "retail",
        "building:levels": "5",
        "heritage": "4",
        "name": "Haus zum Kempfen",
        "roof:levels": "2",
        "wikidata": "Q20615391",
        "wikimedia_commons": "Category:Haus zum Kempfen (Basel)"
      },
      "geometry": {
        "type": "Polygon",
        "coordinates": [
          [
            [
              7.5906479,
              47.5557568
            ],
            [
              7.5907903,
              47.5558138
            ],
            [
              7.5907605,
              47.5558527
            ],
            [
              7.5905124,
              47.5557603
            ],
            [
              7.590525,
              47.5557444
            ],
            [
              7.5905505,
              47.5557122
            ],
            [
              7.5905521,
              47.5557128
            ],
            [
              7.5906487,
              47.5557495
            ],
            [
              7.5906479,
              47.5557568
            ]
          ]
        ]
      },
      "id": "way/446574939"
    },
    {
      "type": "Feature",
      "properties": {
        "@id": "way/456018528",
        "building": "retail",
        "building:levels": "1",
        "roof:levels": "0"
      },
      "geometry": {
        "type": "Polygon",
        "coordinates": [
          [
            [
              7.5882494,
              47.5691557
            ],
            [
              7.5882561,
              47.5690618
            ],
            [
              7.5882579,
              47.5690357
            ],
            [
              7.5883819,
              47.5690404
            ],
            [
              7.5883735,
              47.5691571
            ],
            [
              7.5882494,
              47.5691557
            ]
          ]
        ]
      },
      "id": "way/456018528"
    },
    {
      "type": "Feature",
      "properties": {
        "@id": "way/539308850",
        "building": "retail"
      },
      "geometry": {
        "type": "Polygon",
        "coordinates": [
          [
            [
              7.5866856,
              47.5567874
            ],
            [
              7.5866582,
              47.5567365
            ],
            [
              7.5866243,
              47.5567449
            ],
            [
              7.586609,
              47.5567164
            ],
            [
              7.5865993,
              47.5567034
            ],
            [
              7.5866436,
              47.5566878
            ],
            [
              7.5867269,
              47.5566585
            ],
            [
              7.5867587,
              47.5566883
            ],
            [
              7.5867715,
              47.5567003
            ],
            [
              7.5867774,
              47.5567087
            ],
            [
              7.5868701,
              47.5568412
            ],
            [
              7.5868758,
              47.5568481
            ],
            [
              7.5868651,
              47.5568501
            ],
            [
              7.5868108,
              47.5568629
            ],
            [
              7.5868119,
              47.5568648
            ],
            [
              7.586806,
              47.5568663
            ],
            [
              7.586805,
              47.5568644
            ],
            [
              7.5867513,
              47.5568776
            ],
            [
              7.5867295,
              47.5568373
            ],
            [
              7.5867221,
              47.5568341
            ],
            [
              7.5866955,
              47.5567849
            ],
            [
              7.5866856,
              47.5567874
            ]
          ]
        ]
      },
      "id": "way/539308850"
    },
    {
      "type": "Feature",
      "properties": {
        "@id": "way/539717300",
        "addr:housenumber": "7",
        "addr:street": "Hirzbrunnenallee",
        "building": "retail",
        "building:levels": "1",
        "roof:levels": "0"
      },
      "geometry": {
        "type": "Polygon",
        "coordinates": [
          [
            [
              7.6122419,
              47.5672859
            ],
            [
              7.6122875,
              47.5673124
            ],
            [
              7.6121926,
              47.5673874
            ],
            [
              7.6121388,
              47.5673549
            ],
            [
              7.6122288,
              47.5672829
            ],
            [
              7.6122313,
              47.5672798
            ],
            [
              7.6122419,
              47.5672859
            ]
          ]
        ]
      },
      "id": "way/539717300"
    },
    {
      "type": "Feature",
      "properties": {
        "@id": "way/539722291",
        "building": "retail",
        "nohousenumber": "yes"
      },
      "geometry": {
        "type": "Polygon",
        "coordinates": [
          [
            [
              7.6112275,
              47.567374
            ],
            [
              7.611286,
              47.5674078
            ],
            [
              7.6112299,
              47.5674522
            ],
            [
              7.6111713,
              47.5674182
            ],
            [
              7.6112275,
              47.567374
            ]
          ]
        ]
      },
      "id": "way/539722291"
    },
    {
      "type": "Feature",
      "properties": {
        "@id": "way/539996058",
        "building": "retail"
      },
      "geometry": {
        "type": "Polygon",
        "coordinates": [
          [
            [
              7.5866095,
              47.5583116
            ],
            [
              7.5866093,
              47.5583096
            ],
            [
              7.5866066,
              47.5582799
            ],
            [
              7.586714,
              47.5582759
            ],
            [
              7.5867154,
              47.5582901
            ],
            [
              7.5867166,
              47.5583034
            ],
            [
              7.5866095,
              47.5583116
            ]
          ]
        ]
      },
      "id": "way/539996058"
    },
    {
      "type": "Feature",
      "properties": {
        "@id": "way/540502026",
        "architect": "Romang & Bernoulli",
        "architect:wikidata": "Q138416939",
        "building": "retail",
        "building:levels": "5",
        "roof:levels": "2",
        "wikidata": "Q138416889",
        "wikimedia_commons": "Category:Kaufhaus Eisengasse 14 (Basel)"
      },
      "geometry": {
        "type": "Polygon",
        "coordinates": [
          [
            [
              7.5874568,
              47.5591341
            ],
            [
              7.5874149,
              47.5590601
            ],
            [
              7.5874523,
              47.5590509
            ],
            [
              7.5874577,
              47.559061
            ],
            [
              7.5876394,
              47.5590166
            ],
            [
              7.58764,
              47.5590173
            ],
            [
              7.5876847,
              47.559101
            ],
            [
              7.5877237,
              47.5591741
            ],
            [
              7.5877239,
              47.5591798
            ],
            [
              7.5877222,
              47.5591842
            ],
            [
              7.587718,
              47.559189
            ],
            [
              7.5877116,
              47.5591928
            ],
            [
              7.5876476,
              47.5592148
            ],
            [
              7.5875981,
              47.5592317
            ],
            [
              7.5875656,
              47.5592429
            ],
            [
              7.587541,
              47.5592513
            ],
            [
              7.5875397,
              47.5592513
            ],
            [
              7.5874529,
              47.5591354
            ],
            [
              7.5874568,
              47.5591341
            ]
          ]
        ]
      },
      "id": "way/540502026"
    },
    {
      "type": "Feature",
      "properties": {
        "@id": "way/540502036",
        "building": "retail"
      },
      "geometry": {
        "type": "Polygon",
        "coordinates": [
          [
            [
              7.5873127,
              47.5598181
            ],
            [
              7.5873211,
              47.5598921
            ],
            [
              7.5872831,
              47.5598941
            ],
            [
              7.5872557,
              47.5598953
            ],
            [
              7.5872477,
              47.5597991
            ],
            [
              7.587292,
              47.5597968
            ],
            [
              7.5873127,
              47.5598181
            ]
          ]
        ]
      },
      "id": "way/540502036"
    },
    {
      "type": "Feature",
      "properties": {
        "@id": "way/540507361",
        "building": "retail"
      },
      "geometry": {
        "type": "Polygon",
        "coordinates": [
          [
            [
              7.5857782,
              47.5610596
            ],
            [
              7.5856885,
              47.5611016
            ],
            [
              7.5856461,
              47.5610562
            ],
            [
              7.5856285,
              47.5610374
            ],
            [
              7.5857023,
              47.5610028
            ],
            [
              7.5857053,
              47.5610014
            ],
            [
              7.5857029,
              47.5609988
            ],
            [
              7.5857176,
              47.5609947
            ],
            [
              7.5857782,
              47.5610596
            ]
          ]
        ]
      },
      "id": "way/540507361"
    },
    {
      "type": "Feature",
      "properties": {
        "@id": "way/540950624",
        "building": "retail"
      },
      "geometry": {
        "type": "Polygon",
        "coordinates": [
          [
            [
              7.5913418,
              47.5552232
            ],
            [
              7.5912534,
              47.5552042
            ],
            [
              7.5912513,
              47.5552059
            ],
            [
              7.5912478,
              47.5552044
            ],
            [
              7.5911837,
              47.5551645
            ],
            [
              7.5911192,
              47.5551511
            ],
            [
              7.5911277,
              47.5551351
            ],
            [
              7.591145,
              47.5551027
            ],
            [
              7.591146,
              47.5551021
            ],
            [
              7.5913057,
              47.5551709
            ],
            [
              7.5913008,
              47.5551748
            ],
            [
              7.5913446,
              47.5552001
            ],
            [
              7.5913513,
              47.5552022
            ],
            [
              7.5913418,
              47.5552232
            ]
          ]
        ]
      },
      "id": "way/540950624"
    },
    {
      "type": "Feature",
      "properties": {
        "@id": "way/540950674",
        "building": "retail"
      },
      "geometry": {
        "type": "Polygon",
        "coordinates": [
          [
            [
              7.5919113,
              47.5545775
            ],
            [
              7.5918977,
              47.5546092
            ],
            [
              7.5918894,
              47.5546287
            ],
            [
              7.5918932,
              47.5546294
            ],
            [
              7.5918743,
              47.5546769
            ],
            [
              7.5918403,
              47.5547792
            ],
            [
              7.5918396,
              47.554779
            ],
            [
              7.5918065,
              47.5547719
            ],
            [
              7.5917908,
              47.5547685
            ],
            [
              7.5918623,
              47.5545682
            ],
            [
              7.5919113,
              47.5545775
            ]
          ]
        ]
      },
      "id": "way/540950674"
    },
    {
      "type": "Feature",
      "properties": {
        "@id": "way/541468547",
        "building": "retail"
      },
      "geometry": {
        "type": "Polygon",
        "coordinates": [
          [
            [
              7.5903949,
              47.5553833
            ],
            [
              7.590349,
              47.5554209
            ],
            [
              7.590344,
              47.5554313
            ],
            [
              7.5903434,
              47.5554327
            ],
            [
              7.5903247,
              47.5554292
            ],
            [
              7.5903634,
              47.5553716
            ],
            [
              7.5904191,
              47.555278
            ],
            [
              7.5904381,
              47.5552819
            ],
            [
              7.5904561,
              47.5552857
            ],
            [
              7.5903949,
              47.5553833
            ]
          ]
        ]
      },
      "id": "way/541468547"
    },
    {
      "type": "Feature",
      "properties": {
        "@id": "way/541468548",
        "building": "retail"
      },
      "geometry": {
        "type": "Polygon",
        "coordinates": [
          [
            [
              7.5903918,
              47.5554074
            ],
            [
              7.5904145,
              47.5554142
            ],
            [
              7.5904306,
              47.5553867
            ],
            [
              7.590518,
              47.5554155
            ],
            [
              7.5905868,
              47.5554377
            ],
            [
              7.5904933,
              47.5555558
            ],
            [
              7.5904722,
              47.5555825
            ],
            [
              7.590464,
              47.5555796
            ],
            [
              7.5904497,
              47.5555847
            ],
            [
              7.5902854,
              47.5555406
            ],
            [
              7.5902864,
              47.5555384
            ],
            [
              7.5900195,
              47.5554795
            ],
            [
              7.5900033,
              47.5554759
            ],
            [
              7.5900288,
              47.5554168
            ],
            [
              7.590018,
              47.5554115
            ],
            [
              7.5900232,
              47.5553936
            ],
            [
              7.5900436,
              47.5553909
            ],
            [
              7.5901113,
              47.5552205
            ],
            [
              7.5902446,
              47.5552454
            ],
            [
              7.5904191,
              47.555278
            ],
            [
              7.5903634,
              47.5553716
            ],
            [
              7.5903247,
              47.5554292
            ],
            [
              7.5903434,
              47.5554327
            ],
            [
              7.590344,
              47.5554313
            ],
            [
              7.5903701,
              47.5554372
            ],
            [
              7.5903918,
              47.5554074
            ]
          ]
        ]
      },
      "id": "way/541468548"
    },
    {
      "type": "Feature",
      "properties": {
        "@id": "way/541468549",
        "building": "retail"
      },
      "geometry": {
        "type": "Polygon",
        "coordinates": [
          [
            [
              7.5903006,
              47.5558006
            ],
            [
              7.5901276,
              47.555743
            ],
            [
              7.5898626,
              47.5556652
            ],
            [
              7.5898594,
              47.5556705
            ],
            [
              7.5897362,
              47.5556373
            ],
            [
              7.5897468,
              47.5556178
            ],
            [
              7.5897489,
              47.5556138
            ],
            [
              7.5897803,
              47.5555562
            ],
            [
              7.5898012,
              47.5555609
            ],
            [
              7.5899102,
              47.5555853
            ],
            [
              7.5898997,
              47.5556046
            ],
            [
              7.5900473,
              47.5556456
            ],
            [
              7.5900713,
              47.5556321
            ],
            [
              7.5901814,
              47.555664
            ],
            [
              7.5903674,
              47.5557156
            ],
            [
              7.5903329,
              47.5557595
            ],
            [
              7.5903191,
              47.5557771
            ],
            [
              7.5903099,
              47.5557889
            ],
            [
              7.5903006,
              47.5558006
            ]
          ]
        ]
      },
      "id": "way/541468549"
    },
    {
      "type": "Feature",
      "properties": {
        "@id": "way/541468550",
        "building": "retail"
      },
      "geometry": {
        "type": "Polygon",
        "coordinates": [
          [
            [
              7.5901276,
              47.555743
            ],
            [
              7.5903006,
              47.5558006
            ],
            [
              7.5902313,
              47.5558878
            ],
            [
              7.5902091,
              47.5559157
            ],
            [
              7.5900356,
              47.5558625
            ],
            [
              7.5898914,
              47.5558163
            ],
            [
              7.5898602,
              47.5558065
            ],
            [
              7.5898307,
              47.5557898
            ],
            [
              7.5897641,
              47.5557776
            ],
            [
              7.5897618,
              47.5557834
            ],
            [
              7.5896674,
              47.5557639
            ],
            [
              7.5896844,
              47.5557327
            ],
            [
              7.5897362,
              47.5556373
            ],
            [
              7.5898594,
              47.5556705
            ],
            [
              7.5898626,
              47.5556652
            ],
            [
              7.5901276,
              47.555743
            ]
          ]
        ]
      },
      "id": "way/541468550"
    },
    {
      "type": "Feature",
      "properties": {
        "@id": "way/541538438",
        "alt_name": "Haus zum Gold",
        "architect": "Von der Mühll und Oberrauch",
        "architect:wikidata": "Q1697854",
        "building": "retail",
        "building:levels": "5",
        "heritage": "6",
        "roof:levels": "1",
        "wikidata": "Q138502332",
        "wikimedia_commons": "Category:Haus zum Gold (Marktplatz 5, Basel)"
      },
      "geometry": {
        "type": "Polygon",
        "coordinates": [
          [
            [
              7.5881271,
              47.5584231
            ],
            [
              7.58813,
              47.5584198
            ],
            [
              7.5883401,
              47.5584987
            ],
            [
              7.5884549,
              47.5585418
            ],
            [
              7.5883627,
              47.5586553
            ],
            [
              7.5882825,
              47.5586229
            ],
            [
              7.5881094,
              47.5585582
            ],
            [
              7.588074,
              47.5585514
            ],
            [
              7.5880005,
              47.5585216
            ],
            [
              7.5879237,
              47.5584898
            ],
            [
              7.5879071,
              47.5584837
            ],
            [
              7.5878609,
              47.5584668
            ],
            [
              7.5879144,
              47.5584001
            ],
            [
              7.5879471,
              47.5583592
            ],
            [
              7.5879495,
              47.5583601
            ],
            [
              7.5879527,
              47.558356
            ],
            [
              7.5881271,
              47.5584231
            ]
          ]
        ]
      },
      "id": "way/541538438"
    },
    {
      "type": "Feature",
      "properties": {
        "@id": "way/541538453",
        "building": "retail",
        "heritage": "yes",
        "wikidata": "Q29684452",
        "wikimedia_commons": "Category:Globus-Warenhaus, Basel"
      },
      "geometry": {
        "type": "Polygon",
        "coordinates": [
          [
            [
              7.588421,
              47.5587705
            ],
            [
              7.5883424,
              47.5587381
            ],
            [
              7.5882903,
              47.5588034
            ],
            [
              7.5882382,
              47.5588687
            ],
            [
              7.5882369,
              47.5588704
            ],
            [
              7.5882077,
              47.5589099
            ],
            [
              7.5882102,
              47.5589108
            ],
            [
              7.5882062,
              47.5589154
            ],
            [
              7.5881458,
              47.5589931
            ],
            [
              7.5882025,
              47.5590144
            ],
            [
              7.588149,
              47.5590615
            ],
            [
              7.5881439,
              47.5590654
            ],
            [
              7.5881323,
              47.5590697
            ],
            [
              7.5881258,
              47.559066
            ],
            [
              7.5881229,
              47.559067
            ],
            [
              7.5881206,
              47.5590643
            ],
            [
              7.5880998,
              47.5590714
            ],
            [
              7.5880955,
              47.5590729
            ],
            [
              7.5879576,
              47.5591515
            ],
            [
              7.587951,
              47.5591464
            ],
            [
              7.5879097,
              47.5591105
            ],
            [
              7.5879014,
              47.5591037
            ],
            [
              7.5878602,
              47.5590686
            ],
            [
              7.5878547,
              47.5590636
            ],
            [
              7.5878517,
              47.5590578
            ],
            [
              7.5878253,
              47.5590085
            ],
            [
              7.5878208,
              47.5590004
            ],
            [
              7.5877935,
              47.5589491
            ],
            [
              7.5877894,
              47.5589411
            ],
            [
              7.5877621,
              47.5588898
            ],
            [
              7.5877024,
              47.5587777
            ],
            [
              7.5876672,
              47.5587117
            ],
            [
              7.5876604,
              47.5587103
            ],
            [
              7.5876538,
              47.558703
            ],
            [
              7.5876546,
              47.5586941
            ],
            [
              7.5876628,
              47.5586872
            ],
            [
              7.5876705,
              47.5586856
            ],
            [
              7.587749,
              47.5585884
            ],
            [
              7.5877613,
              47.5585731
            ],
            [
              7.587855,
              47.558481
            ],
            [
              7.5880557,
              47.5585664
            ],
            [
              7.5881509,
              47.5585907
            ],
            [
              7.5882406,
              47.5586292
            ],
            [
              7.5881996,
              47.5586801
            ],
            [
              7.5882687,
              47.5587054
            ],
            [
              7.5883034,
              47.5586626
            ],
            [
              7.5883065,
              47.5586639
            ],
            [
              7.5883091,
              47.5586653
            ],
            [
              7.5883711,
              47.5586894
            ],
            [
              7.5883745,
              47.5586853
            ],
            [
              7.5885299,
              47.5587536
            ],
            [
              7.588501,
              47.5587888
            ],
            [
              7.5884277,
              47.5587625
            ],
            [
              7.588421,
              47.5587705
            ]
          ]
        ]
      },
      "id": "way/541538453"
    },
    {
      "type": "Feature",
      "properties": {
        "@id": "way/541742955",
        "architect": "Marcus Diener",
        "architect:wikidata": "Q66452614",
        "building": "retail",
        "wikidata": "Q138566423",
        "wikimedia_commons": "Category:Geschäftshaus Sodeck (Freie Strasse 74, Basel)"
      },
      "geometry": {
        "type": "Polygon",
        "coordinates": [
          [
            [
              7.5912227,
              47.5548129
            ],
            [
              7.591151,
              47.5547762
            ],
            [
              7.5910597,
              47.554748
            ],
            [
              7.5911443,
              47.5546295
            ],
            [
              7.5911656,
              47.5546353
            ],
            [
              7.5911801,
              47.5546393
            ],
            [
              7.591184,
              47.5546382
            ],
            [
              7.5911889,
              47.5546356
            ],
            [
              7.5911933,
              47.5546323
            ],
            [
              7.5912017,
              47.5546197
            ],
            [
              7.591284,
              47.5546414
            ],
            [
              7.5912925,
              47.5546548
            ],
            [
              7.5913092,
              47.5546491
            ],
            [
              7.5913486,
              47.5546612
            ],
            [
              7.5913578,
              47.5546698
            ],
            [
              7.5913616,
              47.5546805
            ],
            [
              7.5913585,
              47.5546913
            ],
            [
              7.5913482,
              47.5547021
            ],
            [
              7.591337,
              47.5547077
            ],
            [
              7.5913353,
              47.5547091
            ],
            [
              7.5913276,
              47.5547206
            ],
            [
              7.5913173,
              47.5547295
            ],
            [
              7.5912967,
              47.5547238
            ],
            [
              7.591284,
              47.5547469
            ],
            [
              7.5912765,
              47.5547604
            ],
            [
              7.5912754,
              47.5547627
            ],
            [
              7.5912677,
              47.5547736
            ],
            [
              7.5912593,
              47.5547827
            ],
            [
              7.5912474,
              47.5547895
            ],
            [
              7.5912326,
              47.5547939
            ],
            [
              7.5912304,
              47.5547949
            ],
            [
              7.5912225,
              47.5548086
            ],
            [
              7.591226,
              47.5548105
            ],
            [
              7.5912227,
              47.5548129
            ]
          ]
        ]
      },
      "id": "way/541742955"
    },
    {
      "type": "Feature",
      "properties": {
        "@id": "way/541742956",
        "building": "retail"
      },
      "geometry": {
        "type": "Polygon",
        "coordinates": [
          [
            [
              7.5915106,
              47.554498
            ],
            [
              7.5913693,
              47.5544489
            ],
            [
              7.5913784,
              47.5544368
            ],
            [
              7.5913313,
              47.5544202
            ],
            [
              7.5913987,
              47.5543324
            ],
            [
              7.5915852,
              47.5543976
            ],
            [
              7.5915878,
              47.5543985
            ],
            [
              7.5915486,
              47.5544496
            ],
            [
              7.5915114,
              47.5544983
            ],
            [
              7.5915106,
              47.554498
            ]
          ]
        ]
      },
      "id": "way/541742956"
    },
    {
      "type": "Feature",
      "properties": {
        "@id": "way/541742958",
        "building": "retail"
      },
      "geometry": {
        "type": "Polygon",
        "coordinates": [
          [
            [
              7.5903747,
              47.5549378
            ],
            [
              7.5901797,
              47.5549123
            ],
            [
              7.5901588,
              47.5549092
            ],
            [
              7.5901385,
              47.5548864
            ],
            [
              7.5902177,
              47.5548537
            ],
            [
              7.5902507,
              47.5548401
            ],
            [
              7.5904811,
              47.5547448
            ],
            [
              7.5905336,
              47.5547839
            ],
            [
              7.5906257,
              47.5548524
            ],
            [
              7.5908831,
              47.555044
            ],
            [
              7.5909151,
              47.5550678
            ],
            [
              7.5908805,
              47.5550986
            ],
            [
              7.5908137,
              47.555158
            ],
            [
              7.5907344,
              47.5552285
            ],
            [
              7.5904449,
              47.5551726
            ],
            [
              7.5903716,
              47.5551585
            ],
            [
              7.5904197,
              47.5550276
            ],
            [
              7.5904433,
              47.554955
            ],
            [
              7.5903725,
              47.554947
            ],
            [
              7.5903747,
              47.5549378
            ]
          ]
        ]
      },
      "id": "way/541742958"
    },
    {
      "type": "Feature",
      "properties": {
        "@id": "way/542609169",
        "building": "retail"
      },
      "geometry": {
        "type": "Polygon",
        "coordinates": [
          [
            [
              7.568931,
              47.5715038
            ],
            [
              7.5690444,
              47.5713663
            ],
            [
              7.5690735,
              47.5713768
            ],
            [
              7.5691167,
              47.5713923
            ],
            [
              7.5691759,
              47.5714137
            ],
            [
              7.5690633,
              47.5715529
            ],
            [
              7.568931,
              47.5715038
            ]
          ]
        ]
      },
      "id": "way/542609169"
    },
    {
      "type": "Feature",
      "properties": {
        "@id": "way/542879859",
        "building": "retail",
        "building:levels": "1",
        "roof:levels": "0"
      },
      "geometry": {
        "type": "Polygon",
        "coordinates": [
          [
            [
              7.5740503,
              47.5750208
            ],
            [
              7.5740728,
              47.5749874
            ],
            [
              7.5741069,
              47.5749601
            ],
            [
              7.5741143,
              47.5749423
            ],
            [
              7.5741622,
              47.5749439
            ],
            [
              7.5741889,
              47.5749177
            ],
            [
              7.5741651,
              47.5748931
            ],
            [
              7.5741766,
              47.5748641
            ],
            [
              7.5741986,
              47.5748536
            ],
            [
              7.5742056,
              47.574838
            ],
            [
              7.5742212,
              47.5748265
            ],
            [
              7.5742673,
              47.5748482
            ],
            [
              7.574228,
              47.5748864
            ],
            [
              7.5740689,
              47.5750409
            ],
            [
              7.5740503,
              47.5750208
            ]
          ]
        ]
      },
      "id": "way/542879859"
    },
    {
      "type": "Feature",
      "properties": {
        "@id": "way/542879915",
        "building": "retail"
      },
      "geometry": {
        "type": "Polygon",
        "coordinates": [
          [
            [
              7.5725986,
              47.5706198
            ],
            [
              7.5723975,
              47.570575
            ],
            [
              7.5726629,
              47.5700332
            ],
            [
              7.5728642,
              47.5700781
            ],
            [
              7.5727243,
              47.5703635
            ],
            [
              7.5726672,
              47.5704799
            ],
            [
              7.5725986,
              47.5706198
            ]
          ]
        ]
      },
      "id": "way/542879915"
    },
    {
      "type": "Feature",
      "properties": {
        "@id": "way/542879924",
        "building": "retail",
        "building:levels": "1",
        "roof:levels": "0"
      },
      "geometry": {
        "type": "Polygon",
        "coordinates": [
          [
            [
              7.5734666,
              47.5702914
            ],
            [
              7.5734478,
              47.5702788
            ],
            [
              7.5734417,
              47.5702371
            ],
            [
              7.5735259,
              47.5701836
            ],
            [
              7.5735628,
              47.5702081
            ],
            [
              7.5735003,
              47.5702622
            ],
            [
              7.5734666,
              47.5702914
            ]
          ]
        ]
      },
      "id": "way/542879924"
    },
    {
      "type": "Feature",
      "properties": {
        "@id": "way/566810938",
        "building": "retail"
      },
      "geometry": {
        "type": "Polygon",
        "coordinates": [
          [
            [
              7.6315458,
              47.5676349
            ],
            [
              7.6314381,
              47.5675823
            ],
            [
              7.6314208,
              47.5675979
            ],
            [
              7.6313763,
              47.5676384
            ],
            [
              7.6313402,
              47.5676206
            ],
            [
              7.6313118,
              47.5676067
            ],
            [
              7.6313688,
              47.567555
            ],
            [
              7.6314216,
              47.5675071
            ],
            [
              7.6314986,
              47.567545
            ],
            [
              7.6315935,
              47.5675918
            ],
            [
              7.6315458,
              47.5676349
            ]
          ]
        ]
      },
      "id": "way/566810938"
    },
    {
      "type": "Feature",
      "properties": {
        "@id": "way/588610378",
        "area": "yes",
        "highway": "pedestrian",
        "lit": "no",
        "surface": "compacted"
      },
      "geometry": {
        "type": "Polygon",
        "coordinates": [
          [
            [
              7.5698277,
              47.5651177
            ],
            [
              7.5698086,
              47.5650883
            ],
            [
              7.569799,
              47.565057
            ],
            [
              7.5697995,
              47.5650249
            ],
            [
              7.56981,
              47.5649936
            ],
            [
              7.5698299,
              47.5649646
            ],
            [
              7.5698586,
              47.5649389
            ],
            [
              7.5698945,
              47.5649181
            ],
            [
              7.5699362,
              47.5649027
            ],
            [
              7.5699817,
              47.5648936
            ],
            [
              7.570029,
              47.5648911
            ],
            [
              7.5700761,
              47.5648954
            ],
            [
              7.5701208,
              47.5649064
            ],
            [
              7.570161,
              47.5649234
            ],
            [
              7.570195,
              47.5649457
            ],
            [
              7.5702001,
              47.5649509
            ],
            [
              7.5702213,
              47.5649725
            ],
            [
              7.5702384,
              47.5650015
            ],
            [
              7.5702462,
              47.5650323
            ],
            [
              7.5702445,
              47.5650635
            ],
            [
              7.5702333,
              47.5650939
            ],
            [
              7.5702132,
              47.565122
            ],
            [
              7.570185,
              47.5651467
            ],
            [
              7.5701662,
              47.5651576
            ],
            [
              7.5701497,
              47.5651671
            ],
            [
              7.5701091,
              47.5651821
            ],
            [
              7.5700648,
              47.5651911
            ],
            [
              7.5700186,
              47.5651938
            ],
            [
              7.5699726,
              47.56519
            ],
            [
              7.5699287,
              47.5651801
            ],
            [
              7.5698888,
              47.5651641
            ],
            [
              7.5698546,
              47.565143
            ],
            [
              7.5698478,
              47.5651366
            ],
            [
              7.5698277,
              47.5651177
            ]
          ]
        ]
      },
      "id": "way/588610378"
    },
    {
      "type": "Feature",
      "properties": {
        "@id": "way/627889718",
        "area": "yes",
        "highway": "pedestrian"
      },
      "geometry": {
        "type": "Polygon",
        "coordinates": [
          [
            [
              7.6168957,
              47.5471531
            ],
            [
              7.6169137,
              47.5471558
            ],
            [
              7.6169297,
              47.5471622
            ],
            [
              7.6169418,
              47.5471716
            ],
            [
              7.6169493,
              47.5471841
            ],
            [
              7.6169501,
              47.5471975
            ],
            [
              7.6169442,
              47.5472103
            ],
            [
              7.6169322,
              47.547221
            ],
            [
              7.6169156,
              47.5472284
            ],
            [
              7.6168962,
              47.5472316
            ],
            [
              7.6168764,
              47.5472302
            ],
            [
              7.6168585,
              47.5472243
            ],
            [
              7.6168445,
              47.5472148
            ],
            [
              7.6168365,
              47.5472035
            ],
            [
              7.6168342,
              47.5471911
            ],
            [
              7.6168377,
              47.5471789
            ],
            [
              7.6168468,
              47.547168
            ],
            [
              7.6168604,
              47.5471595
            ],
            [
              7.6168773,
              47.5471544
            ],
            [
              7.6168957,
              47.5471531
            ]
          ]
        ]
      },
      "id": "way/627889718"
    },
    {
      "type": "Feature",
      "properties": {
        "@id": "way/850806954",
        "area": "yes",
        "bicycle": "yes",
        "highway": "pedestrian",
        "lit": "yes",
        "name": "Messeplatz",
        "place": "square",
        "smoothness": "good",
        "surface": "asphalt",
        "wikidata": "Q1523709"
      },
      "geometry": {
        "type": "Polygon",
        "coordinates": [
          [
            [
              7.6004225,
              47.5641933
            ],
            [
              7.6006218,
              47.5638601
            ],
            [
              7.6006881,
              47.5637503
            ],
            [
              7.6007016,
              47.5637278
            ],
            [
              7.600706,
              47.5637206
            ],
            [
              7.6007363,
              47.5636685
            ],
            [
              7.6007939,
              47.5635721
            ],
            [
              7.6009185,
              47.5636069
            ],
            [
              7.6009932,
              47.5636275
            ],
            [
              7.6010361,
              47.5636394
            ],
            [
              7.6009935,
              47.5637069
            ],
            [
              7.6016378,
              47.5638919
            ],
            [
              7.6017793,
              47.5639326
            ],
            [
              7.6017666,
              47.5639546
            ],
            [
              7.6017343,
              47.5640107
            ],
            [
              7.6017282,
              47.5640213
            ],
            [
              7.6017214,
              47.5640331
            ],
            [
              7.6017153,
              47.5640437
            ],
            [
              7.6016966,
              47.5640761
            ],
            [
              7.6017539,
              47.5641517
            ],
            [
              7.6019535,
              47.5642071
            ],
            [
              7.6018882,
              47.5643076
            ],
            [
              7.601872,
              47.5643327
            ],
            [
              7.6017716,
              47.5644887
            ],
            [
              7.6017399,
              47.5645394
            ],
            [
              7.6017192,
              47.5645724
            ],
            [
              7.6013824,
              47.5644753
            ],
            [
              7.6013652,
              47.5645031
            ],
            [
              7.6006668,
              47.5643028
            ],
            [
              7.6006043,
              47.5642843
            ],
            [
              7.6005034,
              47.5642545
            ],
            [
              7.6004055,
              47.5642256
            ],
            [
              7.6004225,
              47.5641933
            ]
          ]
        ]
      },
      "id": "way/850806954"
    },
    {
      "type": "Feature",
      "properties": {
        "@id": "way/865083929",
        "area": "yes",
        "highway": "pedestrian",
        "name": "Letziplatz",
        "surface": "compacted",
        "wikidata": "Q123284895"
      },
      "geometry": {
        "type": "Polygon",
        "coordinates": [
          [
            [
              7.6036361,
              47.5548723
            ],
            [
              7.6036702,
              47.5547814
            ],
            [
              7.6036575,
              47.5546026
            ],
            [
              7.6036669,
              47.5544261
            ],
            [
              7.6037702,
              47.55436
            ],
            [
              7.6038721,
              47.5541039
            ],
            [
              7.6037715,
              47.554093
            ],
            [
              7.6037762,
              47.5540768
            ],
            [
              7.6038384,
              47.5538622
            ],
            [
              7.603851,
              47.5538188
            ],
            [
              7.6039463,
              47.5538134
            ],
            [
              7.6039883,
              47.5537263
            ],
            [
              7.6040637,
              47.5537142
            ],
            [
              7.6040994,
              47.5537085
            ],
            [
              7.6040982,
              47.5537186
            ],
            [
              7.6040952,
              47.553742
            ],
            [
              7.6040916,
              47.5537702
            ],
            [
              7.6040958,
              47.5537704
            ],
            [
              7.6041051,
              47.5537703
            ],
            [
              7.6040836,
              47.5539019
            ],
            [
              7.6040516,
              47.5540513
            ],
            [
              7.604016,
              47.5542152
            ],
            [
              7.6039777,
              47.5543754
            ],
            [
              7.6039609,
              47.5544361
            ],
            [
              7.6038971,
              47.5546523
            ],
            [
              7.6038922,
              47.5546686
            ],
            [
              7.6038418,
              47.5548387
            ],
            [
              7.6038257,
              47.5548977
            ],
            [
              7.6037576,
              47.5548909
            ],
            [
              7.6036361,
              47.5548723
            ]
          ]
        ]
      },
      "id": "way/865083929"
    },
    {
      "type": "Feature",
      "properties": {
        "@id": "way/973094725",
        "addr:housenumber": "22",
        "addr:street": "Klingentalstrasse",
        "building": "retail",
        "building:levels": "1",
        "roof:levels": "1"
      },
      "geometry": {
        "type": "Polygon",
        "coordinates": [
          [
            [
              7.5947091,
              47.5636301
            ],
            [
              7.5947337,
              47.5635933
            ],
            [
              7.5949,
              47.5636439
            ],
            [
              7.5948754,
              47.5636807
            ],
            [
              7.5947091,
              47.5636301
            ]
          ]
        ]
      },
      "id": "way/973094725"
    },
    {
      "type": "Feature",
      "properties": {
        "@id": "way/1037714877",
        "area": "yes",
        "highway": "pedestrian",
        "landuse": "recreation_ground",
        "leisure": "park"
      },
      "geometry": {
        "type": "Polygon",
        "coordinates": [
          [
            [
              7.5967271,
              47.5794326
            ],
            [
              7.59673,
              47.5794156
            ],
            [
              7.5966839,
              47.5793754
            ],
            [
              7.5966973,
              47.5793688
            ],
            [
              7.5967108,
              47.5793626
            ],
            [
              7.5966055,
              47.5792732
            ],
            [
              7.5966057,
              47.5792574
            ],
            [
              7.5966058,
              47.5792257
            ],
            [
              7.5966057,
              47.5791817
            ],
            [
              7.5972203,
              47.5790444
            ],
            [
              7.5972483,
              47.5791016
            ],
            [
              7.5972785,
              47.5791632
            ],
            [
              7.5973417,
              47.5792968
            ],
            [
              7.5970512,
              47.5793627
            ],
            [
              7.5969612,
              47.5793831
            ],
            [
              7.5968958,
              47.5793974
            ],
            [
              7.5967271,
              47.5794326
            ]
          ]
        ]
      },
      "id": "way/1037714877"
    },
    {
      "type": "Feature",
      "properties": {
        "@id": "way/1049378602",
        "building": "retail"
      },
      "geometry": {
        "type": "Polygon",
        "coordinates": [
          [
            [
              7.5678248,
              47.5651072
            ],
            [
              7.5677925,
              47.5650757
            ],
            [
              7.5677801,
              47.5650815
            ],
            [
              7.5677368,
              47.5650394
            ],
            [
              7.5679075,
              47.5649594
            ],
            [
              7.5679754,
              47.5650254
            ],
            [
              7.567942,
              47.5650411
            ],
            [
              7.5679497,
              47.5650486
            ],
            [
              7.5678248,
              47.5651072
            ]
          ]
        ]
      },
      "id": "way/1049378602"
    },
    {
      "type": "Feature",
      "properties": {
        "@id": "way/1099307990",
        "area": "yes",
        "highway": "pedestrian",
        "lit": "yes",
        "name": "Falkensteineranlage",
        "surface": "compacted",
        "wikidata": "Q123291580"
      },
      "geometry": {
        "type": "Polygon",
        "coordinates": [
          [
            [
              7.6016066,
              47.53882
            ],
            [
              7.6014386,
              47.5388694
            ],
            [
              7.6014882,
              47.5389462
            ],
            [
              7.6014144,
              47.5389679
            ],
            [
              7.6014871,
              47.5390805
            ],
            [
              7.6014008,
              47.5391063
            ],
            [
              7.6011804,
              47.5387521
            ],
            [
              7.6011514,
              47.5387052
            ],
            [
              7.6011514,
              47.5386938
            ],
            [
              7.6011606,
              47.5386773
            ],
            [
              7.601182,
              47.5386628
            ],
            [
              7.6014518,
              47.5385901
            ],
            [
              7.6016066,
              47.53882
            ]
          ]
        ]
      },
      "id": "way/1099307990"
    },
    {
      "type": "Feature",
      "properties": {
        "@id": "way/1240815945",
        "area": "yes",
        "highway": "pedestrian",
        "lit": "yes",
        "name": "Beim Wettsteinhäuschen",
        "name:etymology:wikidata": "Q20617580",
        "surface": "compacted",
        "wikidata": "Q123284262"
      },
      "geometry": {
        "type": "Polygon",
        "coordinates": [
          [
            [
              7.5965035,
              47.5604202
            ],
            [
              7.5965133,
              47.5604109
            ],
            [
              7.5966688,
              47.560263
            ],
            [
              7.5967763,
              47.5601608
            ],
            [
              7.5968309,
              47.5601489
            ],
            [
              7.5968603,
              47.5601557
            ],
            [
              7.5968856,
              47.5601616
            ],
            [
              7.5969682,
              47.5602042
            ],
            [
              7.5969903,
              47.5602156
            ],
            [
              7.5966821,
              47.5605057
            ],
            [
              7.5965035,
              47.5604202
            ]
          ]
        ]
      },
      "id": "way/1240815945"
    },
    {
      "type": "Feature",
      "properties": {
        "@id": "way/1316520918",
        "building": "retail",
        "name": "Saimt Louis Buvette",
        "nohousenumber": "yes",
        "shop": "kiosk"
      },
      "geometry": {
        "type": "Polygon",
        "coordinates": [
          [
            [
              7.5830504,
              47.5670379
            ],
            [
              7.583074,
              47.5668976
            ],
            [
              7.5831576,
              47.566904
            ],
            [
              7.5831339,
              47.5670444
            ],
            [
              7.5830504,
              47.5670379
            ]
          ]
        ]
      },
      "id": "way/1316520918"
    },
    {
      "type": "Feature",
      "properties": {
        "@id": "way/1329759719",
        "building": "retail",
        "building:levels": "1"
      },
      "geometry": {
        "type": "Polygon",
        "coordinates": [
          [
            [
              7.5888057,
              47.5476294
            ],
            [
              7.5885806,
              47.5477151
            ],
            [
              7.5885556,
              47.5476917
            ],
            [
              7.5885134,
              47.5477064
            ],
            [
              7.5884842,
              47.547674
            ],
            [
              7.588486,
              47.5476479
            ],
            [
              7.5885592,
              47.5476351
            ],
            [
              7.5886221,
              47.5476045
            ],
            [
              7.5886596,
              47.5475969
            ],
            [
              7.5887196,
              47.5475676
            ],
            [
              7.588757,
              47.5475744
            ],
            [
              7.5888041,
              47.547556
            ],
            [
              7.5888258,
              47.5475814
            ],
            [
              7.5887874,
              47.54761
            ],
            [
              7.5888057,
              47.5476294
            ]
          ]
        ]
      },
      "id": "way/1329759719"
    },
    {
      "type": "Feature",
      "properties": {
        "@id": "way/1329759720",
        "building": "retail",
        "building:levels": "1"
      },
      "geometry": {
        "type": "Polygon",
        "coordinates": [
          [
            [
              7.5888922,
              47.5475964
            ],
            [
              7.5888313,
              47.5475432
            ],
            [
              7.5888782,
              47.5475095
            ],
            [
              7.5889214,
              47.54751
            ],
            [
              7.5889842,
              47.5474756
            ],
            [
              7.5890077,
              47.5474794
            ],
            [
              7.5890902,
              47.5474411
            ],
            [
              7.5891335,
              47.5474372
            ],
            [
              7.5891796,
              47.547422
            ],
            [
              7.5891862,
              47.5474242
            ],
            [
              7.5892008,
              47.5474457
            ],
            [
              7.5891476,
              47.5474754
            ],
            [
              7.5891638,
              47.547493
            ],
            [
              7.5888922,
              47.5475964
            ]
          ]
        ]
      },
      "id": "way/1329759720"
    },
    {
      "type": "Feature",
      "properties": {
        "@id": "way/1333539801",
        "area": "yes",
        "highway": "pedestrian",
        "lit": "yes",
        "paving_stones:orientation": "across",
        "paving_stones:shape": "rectangle",
        "surface": "paving_stones"
      },
      "geometry": {
        "type": "Polygon",
        "coordinates": [
          [
            [
              7.5906606,
              47.5553416
            ],
            [
              7.5906522,
              47.5553391
            ],
            [
              7.5906512,
              47.5553408
            ],
            [
              7.5905988,
              47.5553264
            ],
            [
              7.5905998,
              47.5553246
            ],
            [
              7.5905926,
              47.5553234
            ],
            [
              7.5905913,
              47.5553239
            ],
            [
              7.5905913,
              47.5553228
            ],
            [
              7.5904803,
              47.5552921
            ],
            [
              7.5904579,
              47.5552859
            ],
            [
              7.5904561,
              47.5552857
            ],
            [
              7.5904381,
              47.5552819
            ],
            [
              7.5904191,
              47.555278
            ],
            [
              7.5902446,
              47.5552454
            ],
            [
              7.5901113,
              47.5552205
            ],
            [
              7.5901009,
              47.5552179
            ],
            [
              7.5899259,
              47.5551834
            ],
            [
              7.589898,
              47.5551779
            ],
            [
              7.5899194,
              47.5551244
            ],
            [
              7.5899348,
              47.5550852
            ],
            [
              7.5901968,
              47.5551357
            ],
            [
              7.5901999,
              47.5551359
            ],
            [
              7.5902045,
              47.5551354
            ],
            [
              7.5902074,
              47.5551346
            ],
            [
              7.5902112,
              47.5551327
            ],
            [
              7.590214,
              47.5551302
            ],
            [
              7.5902153,
              47.5551283
            ],
            [
              7.5902343,
              47.555132
            ],
            [
              7.5903716,
              47.5551585
            ],
            [
              7.5904449,
              47.5551726
            ],
            [
              7.5907344,
              47.5552285
            ],
            [
              7.5907016,
              47.5552769
            ],
            [
              7.5906606,
              47.5553416
            ]
          ]
        ]
      },
      "id": "way/1333539801"
    },
    {
      "type": "Feature",
      "properties": {
        "@id": "way/1349189038",
        "building": "retail",
        "building:levels": "1"
      },
      "geometry": {
        "type": "Polygon",
        "coordinates": [
          [
            [
              7.5766338,
              47.5443551
            ],
            [
              7.576623,
              47.5443034
            ],
            [
              7.5766748,
              47.5442985
            ],
            [
              7.5766913,
              47.5443776
            ],
            [
              7.5766395,
              47.5443825
            ],
            [
              7.5766338,
              47.5443551
            ]
          ]
        ]
      },
      "id": "way/1349189038"
    },
    {
      "type": "Feature",
      "properties": {
        "@id": "way/1427099120",
        "area": "yes",
        "highway": "pedestrian",
        "surface": "fine_gravel",
        "@relations": [
          {
            "role": "inner",
            "rel": 19564612,
            "reltags": {
              "highway": "pedestrian",
              "layer": "-1",
              "lit": "yes",
              "name": "Münsterplatz",
              "surface": "sett",
              "type": "multipolygon",
              "wikidata": "Q693910"
            }
          }
        ]
      },
      "geometry": {
        "type": "Polygon",
        "coordinates": [
          [
            [
              7.5917146,
              47.5564812
            ],
            [
              7.5921838,
              47.5567105
            ],
            [
              7.5916867,
              47.557037
            ],
            [
              7.5913661,
              47.5568697
            ],
            [
              7.5917146,
              47.5564812
            ]
          ]
        ]
      },
      "id": "way/1427099120"
    },
    {
      "type": "Feature",
      "properties": {
        "@id": "way/1427099121",
        "area": "yes",
        "highway": "pedestrian",
        "lit": "yes",
        "name": "Pfalz",
        "smoothness": "good",
        "surface": "compacted",
        "wikidata": "Q123281407"
      },
      "geometry": {
        "type": "Polygon",
        "coordinates": [
          [
            [
              7.5924351,
              47.5567704
            ],
            [
              7.5923908,
              47.556736
            ],
            [
              7.5924712,
              47.5567416
            ],
            [
              7.5925663,
              47.5567362
            ],
            [
              7.5926419,
              47.5567244
            ],
            [
              7.5927054,
              47.5567031
            ],
            [
              7.5927789,
              47.5566651
            ],
            [
              7.592855,
              47.5566154
            ],
            [
              7.5929961,
              47.556721
            ],
            [
              7.5929988,
              47.5567279
            ],
            [
              7.5929956,
              47.5567355
            ],
            [
              7.5929878,
              47.5567415
            ],
            [
              7.5926735,
              47.5569279
            ],
            [
              7.5926643,
              47.5569325
            ],
            [
              7.5926526,
              47.5569333
            ],
            [
              7.5926425,
              47.5569285
            ],
            [
              7.5924351,
              47.5567704
            ]
          ]
        ]
      },
      "id": "way/1427099121"
    },
    {
      "type": "Feature",
      "properties": {
        "@id": "way/1427099122",
        "area": "yes",
        "highway": "pedestrian",
        "lit": "yes",
        "name": "Pfalz",
        "smoothness": "good",
        "surface": "sett",
        "wikidata": "Q123281407"
      },
      "geometry": {
        "type": "Polygon",
        "coordinates": [
          [
            [
              7.5923683,
              47.5567035
            ],
            [
              7.5923817,
              47.5567025
            ],
            [
              7.5923785,
              47.5566809
            ],
            [
              7.5923746,
              47.5566546
            ],
            [
              7.592377,
              47.5566533
            ],
            [
              7.5924365,
              47.5566825
            ],
            [
              7.5924627,
              47.5566577
            ],
            [
              7.5925462,
              47.5566766
            ],
            [
              7.5925473,
              47.5566916
            ],
            [
              7.5925486,
              47.5567105
            ],
            [
              7.5925619,
              47.5567099
            ],
            [
              7.5925609,
              47.5566902
            ],
            [
              7.5925603,
              47.5566797
            ],
            [
              7.5926448,
              47.5566636
            ],
            [
              7.5926574,
              47.5566758
            ],
            [
              7.592679,
              47.5566968
            ],
            [
              7.5926899,
              47.5566916
            ],
            [
              7.5926687,
              47.5566713
            ],
            [
              7.5926604,
              47.5566633
            ],
            [
              7.5927309,
              47.5565966
            ],
            [
              7.5927437,
              47.5565996
            ],
            [
              7.59278,
              47.5566082
            ],
            [
              7.5927841,
              47.5565996
            ],
            [
              7.5927439,
              47.5565901
            ],
            [
              7.5927316,
              47.5565872
            ],
            [
              7.5927316,
              47.5565828
            ],
            [
              7.5927288,
              47.5565829
            ],
            [
              7.5927231,
              47.5565266
            ],
            [
              7.5927258,
              47.5565262
            ],
            [
              7.5927251,
              47.5565239
            ],
            [
              7.5927346,
              47.5565221
            ],
            [
              7.5927447,
              47.5565201
            ],
            [
              7.5927487,
              47.5565271
            ],
            [
              7.5927586,
              47.5565325
            ],
            [
              7.5928788,
              47.5565985
            ],
            [
              7.5928667,
              47.5566071
            ],
            [
              7.592855,
              47.5566154
            ],
            [
              7.5927789,
              47.5566651
            ],
            [
              7.5927054,
              47.5567031
            ],
            [
              7.5926419,
              47.5567244
            ],
            [
              7.5925663,
              47.5567362
            ],
            [
              7.5924712,
              47.5567416
            ],
            [
              7.5923908,
              47.556736
            ],
            [
              7.5923683,
              47.5567035
            ]
          ]
        ]
      },
      "id": "way/1427099122"
    },
    {
      "type": "Feature",
      "properties": {
        "@id": "way/1436994741",
        "landuse": "retail"
      },
      "geometry": {
        "type": "Polygon",
        "coordinates": [
          [
            [
              7.5861331,
              47.54899
            ],
            [
              7.5872807,
              47.5488517
            ],
            [
              7.5875,
              47.5488368
            ],
            [
              7.5876086,
              47.5488415
            ],
            [
              7.5876824,
              47.5488757
            ],
            [
              7.5878166,
              47.5489604
            ],
            [
              7.5879378,
              47.5490633
            ],
            [
              7.587968,
              47.5491196
            ],
            [
              7.5879755,
              47.5492893
            ],
            [
              7.5879021,
              47.5495671
            ],
            [
              7.587764,
              47.5498161
            ],
            [
              7.587284,
              47.5496632
            ],
            [
              7.5869707,
              47.549589
            ],
            [
              7.5869469,
              47.549581
            ],
            [
              7.5868066,
              47.5495333
            ],
            [
              7.5866755,
              47.5494977
            ],
            [
              7.5865317,
              47.5495336
            ],
            [
              7.5864917,
              47.5495436
            ],
            [
              7.5864364,
              47.5495571
            ],
            [
              7.5861331,
              47.54899
            ]
          ]
        ]
      },
      "id": "way/1436994741"
    },
    {
      "type": "Feature",
      "properties": {
        "@id": "way/1475015421",
        "area": "yes",
        "highway": "pedestrian",
        "name": "Bläsianlage",
        "name:etymology": "Benediktinerabtei St. Blasien",
        "name:etymology:wikidata": "Q532367",
        "wikidata": "Q123298151"
      },
      "geometry": {
        "type": "Polygon",
        "coordinates": [
          [
            [
              7.5920274,
              47.5687104
            ],
            [
              7.5920279,
              47.5686198
            ],
            [
              7.592029,
              47.5683889
            ],
            [
              7.5922038,
              47.5683892
            ],
            [
              7.5922027,
              47.5686212
            ],
            [
              7.5922023,
              47.5687108
            ],
            [
              7.5920274,
              47.5687104
            ]
          ]
        ]
      },
      "id": "way/1475015421"
    },
    {
      "type": "Feature",
      "properties": {
        "@id": "way/1485300803",
        "area": "yes",
        "highway": "pedestrian",
        "lit": "yes",
        "surface": "sett"
      },
      "geometry": {
        "type": "Polygon",
        "coordinates": [
          [
            [
              7.5844585,
              47.5637581
            ],
            [
              7.5844055,
              47.5637386
            ],
            [
              7.584376,
              47.5637282
            ],
            [
              7.5845402,
              47.5635274
            ],
            [
              7.5846381,
              47.5635647
            ],
            [
              7.5846135,
              47.5635906
            ],
            [
              7.5845272,
              47.5636813
            ],
            [
              7.5844585,
              47.5637581
            ]
          ]
        ]
      },
      "id": "way/1485300803"
    },
    {
      "type": "Feature",
      "properties": {
        "@id": "way/1485804685",
        "area": "yes",
        "highway": "pedestrian",
        "lit": "yes"
      },
      "geometry": {
        "type": "Polygon",
        "coordinates": [
          [
            [
              7.5897277,
              47.5544803
            ],
            [
              7.5898259,
              47.5544652
            ],
            [
              7.5898486,
              47.5544676
            ],
            [
              7.5901043,
              47.5544261
            ],
            [
              7.5901236,
              47.5544649
            ],
            [
              7.5901384,
              47.5544908
            ],
            [
              7.5899719,
              47.5545585
            ],
            [
              7.5899689,
              47.5545551
            ],
            [
              7.589958,
              47.5545596
            ],
            [
              7.5900202,
              47.5546309
            ],
            [
              7.589962,
              47.5546543
            ],
            [
              7.5899696,
              47.5546631
            ],
            [
              7.5899943,
              47.5546533
            ],
            [
              7.590009,
              47.55467
            ],
            [
              7.5900596,
              47.5547272
            ],
            [
              7.5900353,
              47.5547371
            ],
            [
              7.5900431,
              47.5547456
            ],
            [
              7.5901017,
              47.5547216
            ],
            [
              7.5901529,
              47.5547796
            ],
            [
              7.5901725,
              47.5548021
            ],
            [
              7.5902177,
              47.5548537
            ],
            [
              7.5901385,
              47.5548864
            ],
            [
              7.5900324,
              47.5548788
            ],
            [
              7.5900188,
              47.5548993
            ],
            [
              7.5900032,
              47.5548946
            ],
            [
              7.589987,
              47.5549191
            ],
            [
              7.5899491,
              47.5549114
            ],
            [
              7.5899245,
              47.5548854
            ],
            [
              7.5899161,
              47.5548676
            ],
            [
              7.5899211,
              47.5548518
            ],
            [
              7.5899572,
              47.5548385
            ],
            [
              7.5898802,
              47.5547509
            ],
            [
              7.5898182,
              47.5546804
            ],
            [
              7.5897796,
              47.5546365
            ],
            [
              7.5897795,
              47.5546102
            ],
            [
              7.5897471,
              47.554529
            ],
            [
              7.5897277,
              47.5544803
            ]
          ]
        ]
      },
      "id": "way/1485804685"
    },
    {
      "type": "Feature",
      "properties": {
        "@id": "way/1486876871",
        "area": "yes",
        "highway": "pedestrian",
        "layer": "1",
        "level": "1",
        "lit": "yes",
        "smoothness": "good",
        "surface": "sett",
        "type": "multipolygon"
      },
      "geometry": {
        "type": "Polygon",
        "coordinates": [
          [
            [
              7.5909125,
              47.5604531
            ],
            [
              7.5910003,
              47.560374
            ],
            [
              7.5911062,
              47.5604275
            ],
            [
              7.5910966,
              47.5604362
            ],
            [
              7.5911094,
              47.5604427
            ],
            [
              7.5911181,
              47.5604471
            ],
            [
              7.5911264,
              47.5604513
            ],
            [
              7.5911001,
              47.560475
            ],
            [
              7.5910828,
              47.5604663
            ],
            [
              7.5909361,
              47.5605985
            ],
            [
              7.5909177,
              47.5605891
            ],
            [
              7.5908176,
              47.5605385
            ],
            [
              7.5909125,
              47.5604531
            ]
          ]
        ]
      },
      "id": "way/1486876871"
    },
    {
      "type": "Feature",
      "properties": {
        "@id": "way/1488707348",
        "area": "yes",
        "highway": "pedestrian",
        "lit": "yes",
        "surface": "paving_stones"
      },
      "geometry": {
        "type": "Polygon",
        "coordinates": [
          [
            [
              7.5848999,
              47.5591756
            ],
            [
              7.5849131,
              47.5591327
            ],
            [
              7.5849194,
              47.559077
            ],
            [
              7.5854332,
              47.5590867
            ],
            [
              7.5854464,
              47.5590904
            ],
            [
              7.5854597,
              47.5590872
            ],
            [
              7.5855277,
              47.5590885
            ],
            [
              7.5855531,
              47.5590897
            ],
            [
              7.5855713,
              47.5591117
            ],
            [
              7.5855737,
              47.5591486
            ],
            [
              7.5855768,
              47.5591987
            ],
            [
              7.5855006,
              47.5592026
            ],
            [
              7.5854995,
              47.5591867
            ],
            [
              7.5848999,
              47.5591756
            ]
          ]
        ]
      },
      "id": "way/1488707348"
    },
    {
      "type": "Feature",
      "properties": {
        "@id": "way/1488770792",
        "area": "yes",
        "highway": "pedestrian",
        "lit": "yes",
        "surface": "asphalt"
      },
      "geometry": {
        "type": "Polygon",
        "coordinates": [
          [
            [
              7.5848959,
              47.5594534
            ],
            [
              7.5848962,
              47.5594275
            ],
            [
              7.5848966,
              47.5594013
            ],
            [
              7.5854406,
              47.5594067
            ],
            [
              7.5856038,
              47.5593978
            ],
            [
              7.58563,
              47.5593947
            ],
            [
              7.5856354,
              47.559419
            ],
            [
              7.5856411,
              47.5594448
            ],
            [
              7.5856334,
              47.5594454
            ],
            [
              7.585513,
              47.5594573
            ],
            [
              7.5854622,
              47.5594629
            ],
            [
              7.5854372,
              47.5594657
            ],
            [
              7.5854368,
              47.5594647
            ],
            [
              7.5853937,
              47.5594715
            ],
            [
              7.5853612,
              47.5594767
            ],
            [
              7.5853619,
              47.5594789
            ],
            [
              7.5853229,
              47.5594815
            ],
            [
              7.5852967,
              47.5594832
            ],
            [
              7.5852232,
              47.5594886
            ],
            [
              7.5851607,
              47.5594932
            ],
            [
              7.5850747,
              47.5594995
            ],
            [
              7.5850246,
              47.5595031
            ],
            [
              7.5850149,
              47.5595123
            ],
            [
              7.5849807,
              47.559516
            ],
            [
              7.5849596,
              47.5595177
            ],
            [
              7.5849571,
              47.559506
            ],
            [
              7.5849454,
              47.5594515
            ],
            [
              7.5848959,
              47.5594534
            ]
          ]
        ]
      },
      "id": "way/1488770792"
    },
    {
      "type": "Feature",
      "properties": {
        "@id": "way/1490183477",
        "area": "yes",
        "highway": "pedestrian",
        "lit": "yes",
        "sett:pattern": "interleaved",
        "sett:shape": "rectangle",
        "surface": "sett"
      },
      "geometry": {
        "type": "Polygon",
        "coordinates": [
          [
            [
              7.5909447,
              47.5545521
            ],
            [
              7.5909741,
              47.5545083
            ],
            [
              7.5910034,
              47.5544645
            ],
            [
              7.5910502,
              47.5544746
            ],
            [
              7.5910967,
              47.5544848
            ],
            [
              7.591126,
              47.5544882
            ],
            [
              7.5911249,
              47.5544996
            ],
            [
              7.5911997,
              47.5545193
            ],
            [
              7.5912784,
              47.55454
            ],
            [
              7.5912788,
              47.5545391
            ],
            [
              7.5914039,
              47.5545722
            ],
            [
              7.5913735,
              47.5546222
            ],
            [
              7.5913486,
              47.5546612
            ],
            [
              7.5913092,
              47.5546491
            ],
            [
              7.5912925,
              47.5546548
            ],
            [
              7.591284,
              47.5546414
            ],
            [
              7.5912017,
              47.5546197
            ],
            [
              7.5911933,
              47.5546323
            ],
            [
              7.5911889,
              47.5546356
            ],
            [
              7.591184,
              47.5546382
            ],
            [
              7.5911801,
              47.5546393
            ],
            [
              7.5911656,
              47.5546353
            ],
            [
              7.5911443,
              47.5546295
            ],
            [
              7.5911591,
              47.5546089
            ],
            [
              7.5911032,
              47.5545941
            ],
            [
              7.5910544,
              47.5545812
            ],
            [
              7.5909947,
              47.5545654
            ],
            [
              7.5909447,
              47.5545521
            ]
          ]
        ]
      },
      "id": "way/1490183477"
    },
    {
      "type": "Feature",
      "properties": {
        "@id": "way/1490183478",
        "area": "yes",
        "highway": "pedestrian",
        "lit": "yes",
        "sett:pattern": "interleaved",
        "sett:shape": "rectangle",
        "surface": "sett"
      },
      "geometry": {
        "type": "Polygon",
        "coordinates": [
          [
            [
              7.5901384,
              47.5544908
            ],
            [
              7.5901236,
              47.5544649
            ],
            [
              7.5901043,
              47.5544261
            ],
            [
              7.590352,
              47.5543859
            ],
            [
              7.5903225,
              47.5543076
            ],
            [
              7.5904895,
              47.5542793
            ],
            [
              7.590535,
              47.5542593
            ],
            [
              7.5905209,
              47.5542184
            ],
            [
              7.5905277,
              47.5542177
            ],
            [
              7.5904742,
              47.5540756
            ],
            [
              7.5904998,
              47.5540725
            ],
            [
              7.5905144,
              47.5540695
            ],
            [
              7.590574,
              47.5540648
            ],
            [
              7.5905954,
              47.5540531
            ],
            [
              7.5906038,
              47.5540374
            ],
            [
              7.5905884,
              47.553998
            ],
            [
              7.5906824,
              47.5539829
            ],
            [
              7.5906952,
              47.5540401
            ],
            [
              7.5907079,
              47.5540972
            ],
            [
              7.5907555,
              47.5540923
            ],
            [
              7.5910382,
              47.5540633
            ],
            [
              7.5910961,
              47.5540574
            ],
            [
              7.5911326,
              47.5540537
            ],
            [
              7.5911317,
              47.5540497
            ],
            [
              7.5911546,
              47.5540472
            ],
            [
              7.5911635,
              47.5540882
            ],
            [
              7.5911334,
              47.5540885
            ],
            [
              7.5910967,
              47.5544848
            ],
            [
              7.5910502,
              47.5544746
            ],
            [
              7.5910034,
              47.5544645
            ],
            [
              7.5908598,
              47.5544428
            ],
            [
              7.5908405,
              47.5544213
            ],
            [
              7.590888,
              47.5544016
            ],
            [
              7.5909051,
              47.55442
            ],
            [
              7.5909154,
              47.5544156
            ],
            [
              7.5908988,
              47.554397
            ],
            [
              7.5909481,
              47.5543766
            ],
            [
              7.5909652,
              47.5543953
            ],
            [
              7.590976,
              47.5543909
            ],
            [
              7.5909595,
              47.5543719
            ],
            [
              7.5909985,
              47.5543558
            ],
            [
              7.5910222,
              47.5543678
            ],
            [
              7.59103,
              47.5543608
            ],
            [
              7.5910071,
              47.5543491
            ],
            [
              7.5910189,
              47.5543163
            ],
            [
              7.5910477,
              47.5543133
            ],
            [
              7.5910458,
              47.5543049
            ],
            [
              7.5910169,
              47.5543076
            ],
            [
              7.5909893,
              47.5542772
            ],
            [
              7.5910056,
              47.554262
            ],
            [
              7.5909952,
              47.5542569
            ],
            [
              7.5909777,
              47.5542726
            ],
            [
              7.5909308,
              47.5542648
            ],
            [
              7.5909261,
              47.5542454
            ],
            [
              7.5909136,
              47.5542468
            ],
            [
              7.5909181,
              47.5542665
            ],
            [
              7.5908789,
              47.5542825
            ],
            [
              7.5908624,
              47.554264
            ],
            [
              7.5908595,
              47.5542652
            ],
            [
              7.590817,
              47.5542173
            ],
            [
              7.5908215,
              47.5542054
            ],
            [
              7.5908103,
              47.5542035
            ],
            [
              7.590806,
              47.5542151
            ],
            [
              7.5907539,
              47.5542365
            ],
            [
              7.590745,
              47.5542268
            ],
            [
              7.5907355,
              47.5542307
            ],
            [
              7.5907442,
              47.5542406
            ],
            [
              7.5906919,
              47.5542619
            ],
            [
              7.5906757,
              47.554259
            ],
            [
              7.5906728,
              47.5542665
            ],
            [
              7.5906888,
              47.5542696
            ],
            [
              7.5907221,
              47.5543077
            ],
            [
              7.590736,
              47.5543245
            ],
            [
              7.5907388,
              47.5543245
            ],
            [
              7.5907438,
              47.5543299
            ],
            [
              7.5907491,
              47.5543357
            ],
            [
              7.590698,
              47.5543573
            ],
            [
              7.5906802,
              47.5543382
            ],
            [
              7.5906695,
              47.5543427
            ],
            [
              7.5906865,
              47.554362
            ],
            [
              7.5906359,
              47.5543828
            ],
            [
              7.5905996,
              47.5543402
            ],
            [
              7.5905721,
              47.5543514
            ],
            [
              7.5901625,
              47.5545178
            ],
            [
              7.5901384,
              47.5544908
            ]
          ]
        ]
      },
      "id": "way/1490183478"
    },
    {
      "type": "Feature",
      "properties": {
        "@id": "way/1490183480",
        "area": "yes",
        "highway": "pedestrian",
        "lit": "yes",
        "sett:pattern": "interleaved",
        "sett:shape": "rectangle",
        "surface": "sett"
      },
      "geometry": {
        "type": "Polygon",
        "coordinates": [
          [
            [
              7.5897277,
              47.5544803
            ],
            [
              7.5896987,
              47.554402
            ],
            [
              7.5897394,
              47.5543952
            ],
            [
              7.5896591,
              47.5541609
            ],
            [
              7.5897099,
              47.5541526
            ],
            [
              7.5897342,
              47.5541487
            ],
            [
              7.5898038,
              47.5543499
            ],
            [
              7.5898486,
              47.5544676
            ],
            [
              7.5898259,
              47.5544652
            ],
            [
              7.5897277,
              47.5544803
            ]
          ]
        ]
      },
      "id": "way/1490183480"
    },
    {
      "type": "Feature",
      "properties": {
        "@id": "way/1490183481",
        "area": "yes",
        "highway": "pedestrian",
        "lit": "yes",
        "sett:pattern": "interleaved",
        "sett:shape": "rectangle",
        "surface": "sett"
      },
      "geometry": {
        "type": "Polygon",
        "coordinates": [
          [
            [
              7.5908598,
              47.5544428
            ],
            [
              7.5910034,
              47.5544645
            ],
            [
              7.5909741,
              47.5545083
            ],
            [
              7.5909447,
              47.5545521
            ],
            [
              7.5908367,
              47.554597
            ],
            [
              7.5907482,
              47.5546337
            ],
            [
              7.5906018,
              47.554695
            ],
            [
              7.5905394,
              47.5547182
            ],
            [
              7.5904811,
              47.5547448
            ],
            [
              7.5902507,
              47.5548401
            ],
            [
              7.5902177,
              47.5548537
            ],
            [
              7.5901725,
              47.5548021
            ],
            [
              7.5901529,
              47.5547796
            ],
            [
              7.5901649,
              47.5547749
            ],
            [
              7.5901521,
              47.5547602
            ],
            [
              7.5907572,
              47.5545168
            ],
            [
              7.5907542,
              47.5545134
            ],
            [
              7.5908598,
              47.5544428
            ]
          ]
        ]
      },
      "id": "way/1490183481"
    },
    {
      "type": "Feature",
      "properties": {
        "@id": "way/1490183482",
        "area": "yes",
        "highway": "pedestrian",
        "lit": "yes",
        "sett:pattern": "interleaved",
        "sett:shape": "rectangle",
        "surface": "sett"
      },
      "geometry": {
        "type": "Polygon",
        "coordinates": [
          [
            [
              7.5906018,
              47.554695
            ],
            [
              7.5906893,
              47.5547603
            ],
            [
              7.5907509,
              47.5548062
            ],
            [
              7.5907925,
              47.5548372
            ],
            [
              7.5909841,
              47.5549797
            ],
            [
              7.5909242,
              47.5550173
            ],
            [
              7.5908831,
              47.555044
            ],
            [
              7.5906257,
              47.5548524
            ],
            [
              7.5905336,
              47.5547839
            ],
            [
              7.5904811,
              47.5547448
            ],
            [
              7.5905394,
              47.5547182
            ],
            [
              7.5906018,
              47.554695
            ]
          ]
        ]
      },
      "id": "way/1490183482"
    },
    {
      "type": "Feature",
      "properties": {
        "@id": "way/1491414491",
        "area": "yes",
        "highway": "pedestrian"
      },
      "geometry": {
        "type": "Polygon",
        "coordinates": [
          [
            [
              7.5892865,
              47.5571006
            ],
            [
              7.589294,
              47.5570936
            ],
            [
              7.5893051,
              47.5570844
            ],
            [
              7.589359,
              47.5571177
            ],
            [
              7.5894053,
              47.5571475
            ],
            [
              7.5894229,
              47.5571574
            ],
            [
              7.5895328,
              47.5572191
            ],
            [
              7.5895459,
              47.5572214
            ],
            [
              7.5896095,
              47.5572043
            ],
            [
              7.5896663,
              47.5571892
            ],
            [
              7.5897033,
              47.5571544
            ],
            [
              7.5897341,
              47.5571231
            ],
            [
              7.5897745,
              47.557082
            ],
            [
              7.5897994,
              47.5570924
            ],
            [
              7.5898123,
              47.5570776
            ],
            [
              7.5898204,
              47.5570683
            ],
            [
              7.5899406,
              47.5569304
            ],
            [
              7.5899736,
              47.5568926
            ],
            [
              7.5901092,
              47.5567567
            ],
            [
              7.5901218,
              47.556744
            ],
            [
              7.5901304,
              47.5566866
            ],
            [
              7.5901493,
              47.5566883
            ],
            [
              7.590172,
              47.5566911
            ],
            [
              7.5901866,
              47.5566931
            ],
            [
              7.5902469,
              47.5567052
            ],
            [
              7.5904498,
              47.5567462
            ],
            [
              7.5904592,
              47.5567482
            ],
            [
              7.5904631,
              47.5567427
            ],
            [
              7.5904807,
              47.5567217
            ],
            [
              7.5905806,
              47.5567493
            ],
            [
              7.5906618,
              47.556785
            ],
            [
              7.5906727,
              47.5567892
            ],
            [
              7.5906711,
              47.5567909
            ],
            [
              7.5906825,
              47.5567956
            ],
            [
              7.5906842,
              47.5567936
            ],
            [
              7.5907226,
              47.5568096
            ],
            [
              7.5907207,
              47.5568118
            ],
            [
              7.5907319,
              47.5568164
            ],
            [
              7.5907338,
              47.5568143
            ],
            [
              7.5907833,
              47.5568349
            ],
            [
              7.5907813,
              47.5568367
            ],
            [
              7.5907927,
              47.5568417
            ],
            [
              7.5907806,
              47.5568652
            ],
            [
              7.5907628,
              47.5568956
            ],
            [
              7.5907363,
              47.5568831
            ],
            [
              7.5907131,
              47.556872
            ],
            [
              7.5906606,
              47.556847
            ],
            [
              7.5905881,
              47.5568193
            ],
            [
              7.5905465,
              47.5568034
            ],
            [
              7.5904603,
              47.5567834
            ],
            [
              7.5904241,
              47.556775
            ],
            [
              7.5903983,
              47.5568191
            ],
            [
              7.5903245,
              47.5568022
            ],
            [
              7.5902039,
              47.5567747
            ],
            [
              7.5900535,
              47.5569248
            ],
            [
              7.5900521,
              47.5569268
            ],
            [
              7.5900221,
              47.5569178
            ],
            [
              7.5898623,
              47.5571069
            ],
            [
              7.5898569,
              47.5571049
            ],
            [
              7.589853,
              47.5571098
            ],
            [
              7.5898584,
              47.5571115
            ],
            [
              7.5898336,
              47.5571333
            ],
            [
              7.5898278,
              47.5571309
            ],
            [
              7.5898229,
              47.5571356
            ],
            [
              7.5898279,
              47.5571383
            ],
            [
              7.5898228,
              47.5571428
            ],
            [
              7.5897666,
              47.5571921
            ],
            [
              7.5897604,
              47.5571885
            ],
            [
              7.5897545,
              47.5571932
            ],
            [
              7.5897602,
              47.5571966
            ],
            [
              7.5896898,
              47.5572458
            ],
            [
              7.5896758,
              47.5572553
            ],
            [
              7.5896689,
              47.55726
            ],
            [
              7.5896604,
              47.5572658
            ],
            [
              7.5896129,
              47.5572981
            ],
            [
              7.5896006,
              47.5573103
            ],
            [
              7.5895775,
              47.557301
            ],
            [
              7.589559,
              47.5572935
            ],
            [
              7.589473,
              47.5572224
            ],
            [
              7.5894517,
              47.5572344
            ],
            [
              7.5894068,
              47.5571922
            ],
            [
              7.5893566,
              47.5571449
            ],
            [
              7.5892865,
              47.5571006
            ]
          ]
        ]
      },
      "id": "way/1491414491"
    },
    {
      "type": "Feature",
      "properties": {
        "@id": "way/1497951507",
        "area": "yes",
        "highway": "pedestrian",
        "indoor": "yes",
        "layer": "1",
        "level": "1",
        "surface": "paving_stones"
      },
      "geometry": {
        "type": "Polygon",
        "coordinates": [
          [
            [
              7.5893148,
              47.5474283
            ],
            [
              7.5893027,
              47.5474148
            ],
            [
              7.5892998,
              47.5474143
            ],
            [
              7.5892936,
              47.5474064
            ],
            [
              7.5892876,
              47.5473986
            ],
            [
              7.5892635,
              47.5474072
            ],
            [
              7.589262,
              47.5474075
            ],
            [
              7.589189,
              47.5473224
            ],
            [
              7.5892503,
              47.5473021
            ],
            [
              7.5892122,
              47.5472569
            ],
            [
              7.5892049,
              47.547247
            ],
            [
              7.5891982,
              47.5472381
            ],
            [
              7.5891681,
              47.5472476
            ],
            [
              7.5891648,
              47.5472431
            ],
            [
              7.5891597,
              47.5472361
            ],
            [
              7.5891401,
              47.5472156
            ],
            [
              7.5891671,
              47.5472069
            ],
            [
              7.5890943,
              47.5471183
            ],
            [
              7.5890923,
              47.5471177
            ],
            [
              7.5890884,
              47.5471114
            ],
            [
              7.5890828,
              47.5471025
            ],
            [
              7.5890544,
              47.5471124
            ],
            [
              7.5890487,
              47.5471065
            ],
            [
              7.5890422,
              47.5470993
            ],
            [
              7.5890237,
              47.5470789
            ],
            [
              7.5890498,
              47.5470691
            ],
            [
              7.5889805,
              47.5469827
            ],
            [
              7.5889795,
              47.5469823
            ],
            [
              7.5889732,
              47.5469732
            ],
            [
              7.5889677,
              47.5469654
            ],
            [
              7.5889373,
              47.5469749
            ],
            [
              7.5889309,
              47.5469679
            ],
            [
              7.5889262,
              47.5469646
            ],
            [
              7.5889101,
              47.546942
            ],
            [
              7.5889369,
              47.546932
            ],
            [
              7.5888644,
              47.546846
            ],
            [
              7.5888625,
              47.5468449
            ],
            [
              7.5888567,
              47.5468391
            ],
            [
              7.5888489,
              47.5468323
            ],
            [
              7.5888213,
              47.5468399
            ],
            [
              7.5888168,
              47.5468347
            ],
            [
              7.588811,
              47.546828
            ],
            [
              7.5887934,
              47.546807
            ],
            [
              7.5888183,
              47.546798
            ],
            [
              7.5887184,
              47.5466791
            ],
            [
              7.5887113,
              47.5466695
            ],
            [
              7.5887013,
              47.5466562
            ],
            [
              7.588691,
              47.5466424
            ],
            [
              7.5886839,
              47.5466329
            ],
            [
              7.588677,
              47.5466344
            ],
            [
              7.588599,
              47.54654
            ],
            [
              7.5885908,
              47.5465373
            ],
            [
              7.5885876,
              47.5465329
            ],
            [
              7.588576,
              47.5465186
            ],
            [
              7.5885647,
              47.5465048
            ],
            [
              7.5885608,
              47.5464997
            ],
            [
              7.5885651,
              47.5464953
            ],
            [
              7.5884176,
              47.5463282
            ],
            [
              7.5884123,
              47.5463189
            ],
            [
              7.5884077,
              47.5463109
            ],
            [
              7.5882358,
              47.5461084
            ],
            [
              7.588143,
              47.5461418
            ],
            [
              7.5880786,
              47.5460664
            ],
            [
              7.5880025,
              47.5459759
            ],
            [
              7.5880118,
              47.5459714
            ],
            [
              7.5880422,
              47.5459568
            ],
            [
              7.588061,
              47.5459496
            ],
            [
              7.5880788,
              47.5459428
            ],
            [
              7.5880983,
              47.5459353
            ],
            [
              7.5881019,
              47.5459339
            ],
            [
              7.5880802,
              47.5459082
            ],
            [
              7.5881122,
              47.5458963
            ],
            [
              7.5881766,
              47.5458711
            ],
            [
              7.5882411,
              47.5458459
            ],
            [
              7.5881677,
              47.5457602
            ],
            [
              7.5882074,
              47.5457446
            ],
            [
              7.58826,
              47.5457242
            ],
            [
              7.5883512,
              47.5458334
            ],
            [
              7.5882576,
              47.5458682
            ],
            [
              7.5883624,
              47.5459929
            ],
            [
              7.5884527,
              47.5460944
            ],
            [
              7.5884799,
              47.5461255
            ],
            [
              7.588497,
              47.5461478
            ],
            [
              7.5885755,
              47.5462377
            ],
            [
              7.5885864,
              47.5462506
            ],
            [
              7.5885973,
              47.5462637
            ],
            [
              7.5886052,
              47.5462726
            ],
            [
              7.5887097,
              47.546403
            ],
            [
              7.5887468,
              47.5464458
            ],
            [
              7.5888128,
              47.5464253
            ],
            [
              7.5888275,
              47.5464459
            ],
            [
              7.5887754,
              47.5464641
            ],
            [
              7.5887808,
              47.5464714
            ],
            [
              7.5887857,
              47.5464775
            ],
            [
              7.5888595,
              47.5465673
            ],
            [
              7.5889158,
              47.5465481
            ],
            [
              7.588932,
              47.5465695
            ],
            [
              7.588872,
              47.5465906
            ],
            [
              7.588877,
              47.5465972
            ],
            [
              7.5888831,
              47.5466051
            ],
            [
              7.58889,
              47.5466142
            ],
            [
              7.5888936,
              47.5466188
            ],
            [
              7.5890032,
              47.546747
            ],
            [
              7.5889889,
              47.5467525
            ],
            [
              7.5889936,
              47.5467587
            ],
            [
              7.5890052,
              47.5467739
            ],
            [
              7.5890172,
              47.5467897
            ],
            [
              7.5890219,
              47.5467958
            ],
            [
              7.5891347,
              47.5467551
            ],
            [
              7.5891682,
              47.5467962
            ],
            [
              7.5891354,
              47.5468099
            ],
            [
              7.5890748,
              47.5468309
            ],
            [
              7.5891175,
              47.5468796
            ],
            [
              7.589102,
              47.5468845
            ],
            [
              7.5891074,
              47.5468912
            ],
            [
              7.5891189,
              47.5469054
            ],
            [
              7.5891318,
              47.5469213
            ],
            [
              7.589137,
              47.5469278
            ],
            [
              7.5892053,
              47.5469047
            ],
            [
              7.5892378,
              47.5469494
            ],
            [
              7.5891912,
              47.5469659
            ],
            [
              7.5892314,
              47.5470177
            ],
            [
              7.5892172,
              47.5470239
            ],
            [
              7.5892224,
              47.5470306
            ],
            [
              7.5892331,
              47.5470445
            ],
            [
              7.5892442,
              47.5470589
            ],
            [
              7.5892496,
              47.5470659
            ],
            [
              7.5893105,
              47.5470454
            ],
            [
              7.5893435,
              47.5470918
            ],
            [
              7.5893426,
              47.547092
            ],
            [
              7.5893088,
              47.5471043
            ],
            [
              7.5893518,
              47.5471574
            ],
            [
              7.5893223,
              47.5471679
            ],
            [
              7.5893264,
              47.5471733
            ],
            [
              7.5893367,
              47.5471874
            ],
            [
              7.5893464,
              47.5472006
            ],
            [
              7.5893537,
              47.5472105
            ],
            [
              7.5893901,
              47.5471992
            ],
            [
              7.5894262,
              47.5472473
            ],
            [
              7.5894383,
              47.5472431
            ],
            [
              7.5894858,
              47.5473012
            ],
            [
              7.5894462,
              47.547317
            ],
            [
              7.5894516,
              47.5473246
            ],
            [
              7.5894631,
              47.5473399
            ],
            [
              7.5894817,
              47.5473647
            ],
            [
              7.5894497,
              47.5473769
            ],
            [
              7.5894429,
              47.5473688
            ],
            [
              7.5894293,
              47.5473737
            ],
            [
              7.5894093,
              47.5473808
            ],
            [
              7.5894173,
              47.5473892
            ],
            [
              7.5893998,
              47.5473959
            ],
            [
              7.5893771,
              47.5474046
            ],
            [
              7.5893513,
              47.5474144
            ],
            [
              7.5893268,
              47.5474237
            ],
            [
              7.5893148,
              47.5474283
            ]
          ]
        ]
      },
      "id": "way/1497951507"
    },
    {
      "type": "Feature",
      "properties": {
        "@id": "way/1518807493",
        "area": "yes",
        "highway": "pedestrian",
        "lit": "yes",
        "surface": "sett"
      },
      "geometry": {
        "type": "Polygon",
        "coordinates": [
          [
            [
              7.5898377,
              47.5554866
            ],
            [
              7.5898451,
              47.5554647
            ],
            [
              7.5898589,
              47.5554308
            ],
            [
              7.5898854,
              47.5554366
            ],
            [
              7.5898799,
              47.5554482
            ],
            [
              7.5899408,
              47.5554619
            ],
            [
              7.5900033,
              47.5554759
            ],
            [
              7.5900195,
              47.5554795
            ],
            [
              7.5902864,
              47.5555384
            ],
            [
              7.5902854,
              47.5555406
            ],
            [
              7.5904497,
              47.5555847
            ],
            [
              7.590464,
              47.5555796
            ],
            [
              7.5904722,
              47.5555825
            ],
            [
              7.5904513,
              47.5556108
            ],
            [
              7.5904344,
              47.5556304
            ],
            [
              7.590276,
              47.5555861
            ],
            [
              7.5902609,
              47.5555821
            ],
            [
              7.5902242,
              47.5555723
            ],
            [
              7.5899465,
              47.5555107
            ],
            [
              7.5898377,
              47.5554866
            ]
          ]
        ]
      },
      "id": "way/1518807493"
    },
    {
      "type": "Feature",
      "properties": {
        "@id": "way/1518807494",
        "area": "yes",
        "highway": "pedestrian",
        "lit": "yes",
        "surface": "sett"
      },
      "geometry": {
        "type": "Polygon",
        "coordinates": [
          [
            [
              7.5891212,
              47.5560143
            ],
            [
              7.5891283,
              47.5559959
            ],
            [
              7.5891359,
              47.5559743
            ],
            [
              7.5891749,
              47.5559789
            ],
            [
              7.5892897,
              47.5559922
            ],
            [
              7.5893306,
              47.555997
            ],
            [
              7.589453,
              47.5560113
            ],
            [
              7.5894906,
              47.5560169
            ],
            [
              7.5895434,
              47.5560255
            ],
            [
              7.5895622,
              47.5560297
            ],
            [
              7.5895781,
              47.5560333
            ],
            [
              7.5895771,
              47.5560353
            ],
            [
              7.5895798,
              47.5560358
            ],
            [
              7.5895817,
              47.5560416
            ],
            [
              7.589601,
              47.5560463
            ],
            [
              7.5896074,
              47.5560426
            ],
            [
              7.5896109,
              47.5560434
            ],
            [
              7.5896125,
              47.5560491
            ],
            [
              7.5896321,
              47.5560539
            ],
            [
              7.5896385,
              47.5560506
            ],
            [
              7.589642,
              47.5560514
            ],
            [
              7.5896436,
              47.5560568
            ],
            [
              7.5896634,
              47.5560616
            ],
            [
              7.5896696,
              47.5560583
            ],
            [
              7.5896739,
              47.5560593
            ],
            [
              7.5896752,
              47.5560645
            ],
            [
              7.589695,
              47.5560694
            ],
            [
              7.5897014,
              47.5560656
            ],
            [
              7.5897046,
              47.5560663
            ],
            [
              7.5897064,
              47.5560722
            ],
            [
              7.5897265,
              47.5560771
            ],
            [
              7.589733,
              47.5560734
            ],
            [
              7.5897356,
              47.556074
            ],
            [
              7.5897365,
              47.5560721
            ],
            [
              7.5897405,
              47.5560727
            ],
            [
              7.5897458,
              47.5560724
            ],
            [
              7.5897495,
              47.5560714
            ],
            [
              7.5897528,
              47.5560698
            ],
            [
              7.5897554,
              47.5560677
            ],
            [
              7.5898002,
              47.5560786
            ],
            [
              7.5897953,
              47.5560879
            ],
            [
              7.5897922,
              47.5560871
            ],
            [
              7.5897893,
              47.5560925
            ],
            [
              7.5899997,
              47.5561442
            ],
            [
              7.5899795,
              47.5561596
            ],
            [
              7.5899479,
              47.5561981
            ],
            [
              7.5899375,
              47.5561767
            ],
            [
              7.5897067,
              47.5561201
            ],
            [
              7.5896464,
              47.5561053
            ],
            [
              7.5895873,
              47.5560908
            ],
            [
              7.5895728,
              47.5560872
            ],
            [
              7.5895747,
              47.5560835
            ],
            [
              7.5895606,
              47.5560806
            ],
            [
              7.5894899,
              47.556066
            ],
            [
              7.5894894,
              47.5560668
            ],
            [
              7.5894383,
              47.5560554
            ],
            [
              7.5894163,
              47.5560505
            ],
            [
              7.5893089,
              47.5560379
            ],
            [
              7.5892625,
              47.5560323
            ],
            [
              7.5892577,
              47.5560309
            ],
            [
              7.5891966,
              47.5560235
            ],
            [
              7.5891212,
              47.5560143
            ]
          ]
        ]
      },
      "id": "way/1518807494"
    },
    {
      "type": "Feature",
      "properties": {
        "@id": "way/1518807495",
        "area": "yes",
        "highway": "pedestrian",
        "lit": "yes",
        "surface": "sett"
      },
      "geometry": {
        "type": "Polygon",
        "coordinates": [
          [
            [
              7.5898268,
              47.5551647
            ],
            [
              7.5898672,
              47.5551708
            ],
            [
              7.589898,
              47.5551779
            ],
            [
              7.589863,
              47.5552833
            ],
            [
              7.5898318,
              47.5554248
            ],
            [
              7.5898589,
              47.5554308
            ],
            [
              7.5898451,
              47.5554647
            ],
            [
              7.5898377,
              47.5554866
            ],
            [
              7.5898108,
              47.5555413
            ],
            [
              7.5898012,
              47.5555609
            ],
            [
              7.5897803,
              47.5555562
            ],
            [
              7.5897489,
              47.5556138
            ],
            [
              7.5897468,
              47.5556178
            ],
            [
              7.5897362,
              47.5556373
            ],
            [
              7.5896844,
              47.5557327
            ],
            [
              7.5896674,
              47.5557639
            ],
            [
              7.5896497,
              47.5557962
            ],
            [
              7.5896014,
              47.5558845
            ],
            [
              7.5895843,
              47.5559157
            ],
            [
              7.5895931,
              47.5559182
            ],
            [
              7.589585,
              47.5559362
            ],
            [
              7.5895819,
              47.5559355
            ],
            [
              7.589581,
              47.5559374
            ],
            [
              7.5895737,
              47.5559388
            ],
            [
              7.5895673,
              47.5559527
            ],
            [
              7.5895722,
              47.5559563
            ],
            [
              7.589571,
              47.5559589
            ],
            [
              7.5895639,
              47.5559601
            ],
            [
              7.5895575,
              47.5559739
            ],
            [
              7.5895623,
              47.5559779
            ],
            [
              7.5895612,
              47.5559804
            ],
            [
              7.5895539,
              47.5559818
            ],
            [
              7.5895474,
              47.5559955
            ],
            [
              7.5895525,
              47.5559994
            ],
            [
              7.5895516,
              47.5560011
            ],
            [
              7.5895547,
              47.5560018
            ],
            [
              7.5895434,
              47.5560255
            ],
            [
              7.5894906,
              47.5560169
            ],
            [
              7.589453,
              47.5560113
            ],
            [
              7.5894883,
              47.555949
            ],
            [
              7.5894947,
              47.5559366
            ],
            [
              7.5896033,
              47.5557306
            ],
            [
              7.5896153,
              47.5557064
            ],
            [
              7.5896262,
              47.5556845
            ],
            [
              7.589636,
              47.5556648
            ],
            [
              7.5896683,
              47.5555996
            ],
            [
              7.5896789,
              47.5555777
            ],
            [
              7.5897182,
              47.5554967
            ],
            [
              7.5897371,
              47.5554404
            ],
            [
              7.5897553,
              47.555386
            ],
            [
              7.5898268,
              47.5551647
            ]
          ]
        ]
      },
      "id": "way/1518807495"
    },
    {
      "type": "Feature",
      "properties": {
        "@id": "way/13252006",
        "delivery": "destination",
        "highway": "pedestrian",
        "lit": "yes",
        "name": "Klingental",
        "sidewalk": "no",
        "start_date": "1610",
        "surface": "sett",
        "wikidata": "Q123296104"
      },
      "geometry": {
        "type": "LineString",
        "coordinates": [
          [
            7.5901382,
            47.5621111
          ],
          [
            7.5902041,
            47.5620201
          ],
          [
            7.5902363,
            47.5618997
          ],
          [
            7.5902121,
            47.5618191
          ],
          [
            7.5903324,
            47.5616057
          ],
          [
            7.5904025,
            47.561558
          ],
          [
            7.5904864,
            47.5615281
          ]
        ]
      },
      "id": "way/13252006"
    },
    {
      "type": "Feature",
      "properties": {
        "@id": "way/19751451",
        "bicycle": "no",
        "highway": "pedestrian",
        "lit": "yes",
        "name": "Stänzlergasse",
        "start_date": "1610",
        "surface": "asphalt",
        "wikidata": "Q123284209"
      },
      "geometry": {
        "type": "LineString",
        "coordinates": [
          [
            7.589201,
            47.5526559
          ],
          [
            7.5886615,
            47.5528648
          ]
        ]
      },
      "id": "way/19751451"
    },
    {
      "type": "Feature",
      "properties": {
        "@id": "way/19751452",
        "bicycle": "no",
        "highway": "pedestrian",
        "lit": "yes",
        "name": "Steinenbachgässlein",
        "start_date": "1610",
        "surface": "asphalt",
        "wikidata": "Q123291491"
      },
      "geometry": {
        "type": "LineString",
        "coordinates": [
          [
            7.5883381,
            47.5542343
          ],
          [
            7.5883335,
            47.5542197
          ],
          [
            7.5883204,
            47.55417
          ],
          [
            7.5883484,
            47.554148
          ],
          [
            7.5883098,
            47.5540309
          ],
          [
            7.5882791,
            47.554003
          ],
          [
            7.5882777,
            47.5539228
          ],
          [
            7.5883151,
            47.5538544
          ],
          [
            7.5884685,
            47.5537256
          ],
          [
            7.5885433,
            47.5536851
          ],
          [
            7.5886046,
            47.5536248
          ],
          [
            7.5886313,
            47.5535455
          ],
          [
            7.5885433,
            47.5532619
          ],
          [
            7.5884278,
            47.5530971
          ],
          [
            7.5883369,
            47.5530206
          ],
          [
            7.5880598,
            47.5527736
          ],
          [
            7.5879888,
            47.5527098
          ],
          [
            7.5878347,
            47.5525578
          ],
          [
            7.587771,
            47.5524846
          ],
          [
            7.5875471,
            47.552157
          ],
          [
            7.587501,
            47.5521031
          ],
          [
            7.5872499,
            47.5519292
          ]
        ]
      },
      "id": "way/19751452"
    },
    {
      "type": "Feature",
      "properties": {
        "@id": "way/19751636",
        "highway": "pedestrian",
        "lit": "yes",
        "maxspeed": "30",
        "name": "Kanonengasse",
        "start_date": "1610",
        "surface": "asphalt",
        "wikidata": "Q123283873"
      },
      "geometry": {
        "type": "LineString",
        "coordinates": [
          [
            7.5878019,
            47.5540863
          ],
          [
            7.5877541,
            47.5540413
          ],
          [
            7.5863741,
            47.5534692
          ],
          [
            7.586255,
            47.553432
          ]
        ]
      },
      "id": "way/19751636"
    },
    {
      "type": "Feature",
      "properties": {
        "@id": "way/19751638",
        "bicycle": "no",
        "highway": "pedestrian",
        "lit": "yes",
        "name": "Steinenvorstadt",
        "surface": "asphalt",
        "wikidata": "Q20617246"
      },
      "geometry": {
        "type": "LineString",
        "coordinates": [
          [
            7.5877782,
            47.5519409
          ],
          [
            7.5875222,
            47.55206
          ],
          [
            7.587501,
            47.5521031
          ]
        ]
      },
      "id": "way/19751638"
    },
    {
      "type": "Feature",
      "properties": {
        "@id": "way/19752370",
        "highway": "pedestrian",
        "lit": "yes",
        "name": "Spalen-Durchgang",
        "surface": "asphalt",
        "wikidata": "Q123291595"
      },
      "geometry": {
        "type": "LineString",
        "coordinates": [
          [
            7.5847203,
            47.5563781
          ],
          [
            7.58473,
            47.5563859
          ],
          [
            7.5847549,
            47.5564085
          ],
          [
            7.5848527,
            47.5564972
          ]
        ]
      },
      "id": "way/19752370"
    },
    {
      "type": "Feature",
      "properties": {
        "@id": "way/19752372",
        "bicycle": "no",
        "highway": "pedestrian",
        "lit": "yes",
        "name": "Gemsberg",
        "oneway": "yes",
        "oneway:foot": "no",
        "start_date": "1272",
        "surface": "asphalt",
        "wikidata": "Q123291251"
      },
      "geometry": {
        "type": "LineString",
        "coordinates": [
          [
            7.5863227,
            47.5565716
          ],
          [
            7.5862732,
            47.5567623
          ],
          [
            7.5862371,
            47.5568387
          ],
          [
            7.5861291,
            47.5570015
          ]
        ]
      },
      "id": "way/19752372"
    },
    {
      "type": "Feature",
      "properties": {
        "@id": "way/19754138",
        "bicycle": "no",
        "highway": "pedestrian",
        "lit": "yes",
        "name": "Streitgasse",
        "paving_stones:orientation": "across",
        "paving_stones:shape": "rectangle",
        "start_date": "1400",
        "surface": "paving_stones",
        "wikidata": "Q123283064"
      },
      "geometry": {
        "type": "LineString",
        "coordinates": [
          [
            7.5907016,
            47.5552769
          ],
          [
            7.5899194,
            47.5551244
          ],
          [
            7.5898837,
            47.5551174
          ],
          [
            7.5897722,
            47.5550882
          ],
          [
            7.5894781,
            47.5550088
          ],
          [
            7.5894273,
            47.5549951
          ]
        ]
      },
      "id": "way/19754138"
    },
    {
      "type": "Feature",
      "properties": {
        "@id": "way/19754140",
        "highway": "pedestrian",
        "lit": "yes",
        "name": "Ringgässlein",
        "start_date": "1458",
        "surface": "sett",
        "wikidata": "Q123270762"
      },
      "geometry": {
        "type": "LineString",
        "coordinates": [
          [
            7.5897801,
            47.5554539
          ],
          [
            7.5898451,
            47.5554647
          ],
          [
            7.5900636,
            47.5555144
          ],
          [
            7.5902783,
            47.5555626
          ],
          [
            7.5904513,
            47.5556108
          ]
        ]
      },
      "id": "way/19754140"
    },
    {
      "type": "Feature",
      "properties": {
        "@id": "way/19754169",
        "bicycle": "yes",
        "highway": "pedestrian",
        "lit": "yes",
        "name": "Glockengasse",
        "start_date": "1293",
        "surface": "sett",
        "wikidata": "Q123270824"
      },
      "geometry": {
        "type": "LineString",
        "coordinates": [
          [
            7.5870428,
            47.5580603
          ],
          [
            7.5871687,
            47.5579124
          ],
          [
            7.5872415,
            47.55782
          ],
          [
            7.5873592,
            47.5575974
          ]
        ]
      },
      "id": "way/19754169"
    },
    {
      "type": "Feature",
      "properties": {
        "@id": "way/19781187",
        "highway": "pedestrian",
        "lit": "yes",
        "name": "Münsterplatz",
        "surface": "sett",
        "wikidata": "Q693910"
      },
      "geometry": {
        "type": "LineString",
        "coordinates": [
          [
            7.5912714,
            47.5568613
          ],
          [
            7.5916785,
            47.5570784
          ],
          [
            7.5922606,
            47.5566923
          ]
        ]
      },
      "id": "way/19781187"
    },
    {
      "type": "Feature",
      "properties": {
        "@id": "way/19781188",
        "highway": "pedestrian",
        "lit": "yes",
        "name": "Münsterplatz",
        "surface": "sett",
        "wikidata": "Q693910"
      },
      "geometry": {
        "type": "LineString",
        "coordinates": [
          [
            7.5922606,
            47.5566923
          ],
          [
            7.5916675,
            47.556419
          ]
        ]
      },
      "id": "way/19781188"
    },
    {
      "type": "Feature",
      "properties": {
        "@id": "way/19781279",
        "bicycle": "no",
        "highway": "pedestrian",
        "lit": "yes",
        "name": "Gerbergasse",
        "oneway": "yes",
        "start_date": "1260",
        "surface": "sett",
        "wikidata": "Q17038055"
      },
      "geometry": {
        "type": "LineString",
        "coordinates": [
          [
            7.5885312,
            47.5566536
          ],
          [
            7.5885227,
            47.5566396
          ],
          [
            7.5886204,
            47.5560438
          ]
        ]
      },
      "id": "way/19781279"
    },
    {
      "type": "Feature",
      "properties": {
        "@id": "way/19781282",
        "bicycle": "no",
        "highway": "pedestrian",
        "lit": "yes",
        "name": "Rümelinsplatz",
        "start_date": "1300",
        "surface": "asphalt",
        "wikidata": "Q123285156"
      },
      "geometry": {
        "type": "LineString",
        "coordinates": [
          [
            7.5872168,
            47.5568214
          ],
          [
            7.5873192,
            47.5567854
          ],
          [
            7.5876664,
            47.5565965
          ],
          [
            7.5877115,
            47.5565818
          ],
          [
            7.5877665,
            47.556578
          ],
          [
            7.5878199,
            47.5565899
          ]
        ]
      },
      "id": "way/19781282"
    },
    {
      "type": "Feature",
      "properties": {
        "@id": "way/19781498",
        "bicycle": "yes",
        "highway": "pedestrian",
        "lit": "yes",
        "name": "Bäumleingasse",
        "start_date": "1282",
        "surface": "paving_stones",
        "wikidata": "Q123299653"
      },
      "geometry": {
        "type": "LineString",
        "coordinates": [
          [
            7.5916736,
            47.554793
          ],
          [
            7.5915969,
            47.5548096
          ],
          [
            7.591584,
            47.5548118
          ],
          [
            7.5914554,
            47.554839
          ],
          [
            7.5912946,
            47.5548615
          ]
        ]
      },
      "id": "way/19781498"
    },
    {
      "type": "Feature",
      "properties": {
        "@id": "way/19781501",
        "bicycle": "no",
        "highway": "pedestrian",
        "lit": "yes",
        "name": "Steinenvorstadt",
        "start_date": "1231",
        "surface": "asphalt",
        "wikidata": "Q20617246"
      },
      "geometry": {
        "type": "LineString",
        "coordinates": [
          [
            7.5876514,
            47.5517901
          ],
          [
            7.5877782,
            47.5519409
          ],
          [
            7.5878167,
            47.5519817
          ],
          [
            7.5882155,
            47.552403
          ],
          [
            7.5882523,
            47.5524404
          ],
          [
            7.5884151,
            47.552599
          ],
          [
            7.5884976,
            47.552688
          ],
          [
            7.5886615,
            47.5528648
          ],
          [
            7.5886852,
            47.5528926
          ],
          [
            7.5887547,
            47.5529982
          ],
          [
            7.5889193,
            47.5533375
          ],
          [
            7.58893,
            47.5534779
          ],
          [
            7.5889684,
            47.5540643
          ],
          [
            7.5890069,
            47.5541064
          ]
        ]
      },
      "id": "way/19781501"
    },
    {
      "type": "Feature",
      "properties": {
        "@id": "way/19791113",
        "bicycle": "no",
        "highway": "pedestrian",
        "lit": "yes",
        "name": "Rüdengasse",
        "start_date": "1286",
        "surface": "asphalt",
        "wikidata": "Q123297119"
      },
      "geometry": {
        "type": "LineString",
        "coordinates": [
          [
            7.589335,
            47.5569231
          ],
          [
            7.5892574,
            47.5568966
          ],
          [
            7.5891207,
            47.5568498
          ],
          [
            7.5888161,
            47.5567444
          ]
        ]
      },
      "id": "way/19791113"
    },
    {
      "type": "Feature",
      "properties": {
        "@id": "way/24539767",
        "bicycle": "no",
        "highway": "pedestrian",
        "lit": "yes",
        "name": "Grünpfahlgasse",
        "note": "Auch als \"Gläbbergässli\" bekannt",
        "start_date": "1300",
        "surface": "sett",
        "wikidata": "Q123284312"
      },
      "geometry": {
        "type": "LineString",
        "coordinates": [
          [
            7.5878199,
            47.5565899
          ],
          [
            7.5883836,
            47.5567649
          ],
          [
            7.5884052,
            47.5567716
          ]
        ]
      },
      "id": "way/24539767"
    },
    {
      "type": "Feature",
      "properties": {
        "@id": "way/24737757",
        "bicycle": "no",
        "bus": "yes",
        "highway": "pedestrian",
        "lit": "yes",
        "name": "Marktplatz",
        "start_date": "1191",
        "surface": "asphalt",
        "vehicle": "no",
        "wikidata": "Q692234",
        "wikipedia": "de:Marktplatz (Basel)"
      },
      "geometry": {
        "type": "LineString",
        "coordinates": [
          [
            7.5879027,
            47.5576882
          ],
          [
            7.5878808,
            47.5577246
          ],
          [
            7.5875137,
            47.5582414
          ]
        ]
      },
      "id": "way/24737757"
    },
    {
      "type": "Feature",
      "properties": {
        "@id": "way/25171750",
        "delivery": "destination",
        "highway": "pedestrian",
        "lit": "yes",
        "name": "Klingental",
        "sidewalk": "no",
        "start_date": "1610",
        "surface": "asphalt",
        "wikidata": "Q123296104"
      },
      "geometry": {
        "type": "LineString",
        "coordinates": [
          [
            7.5903146,
            47.5621968
          ],
          [
            7.5904387,
            47.5623221
          ],
          [
            7.590843,
            47.5624353
          ]
        ]
      },
      "id": "way/25171750"
    },
    {
      "type": "Feature",
      "properties": {
        "@id": "way/25171946",
        "highway": "pedestrian",
        "lit": "no",
        "name": "Klingental",
        "start_date": "1610",
        "surface": "asphalt",
        "wikidata": "Q123296104"
      },
      "geometry": {
        "type": "LineString",
        "coordinates": [
          [
            7.590843,
            47.5624353
          ],
          [
            7.5912695,
            47.5625601
          ],
          [
            7.5911354,
            47.5627869
          ]
        ]
      },
      "id": "way/25171946"
    },
    {
      "type": "Feature",
      "properties": {
        "@id": "way/130435320",
        "bicycle": "yes",
        "highway": "pedestrian",
        "lit": "yes",
        "mofa": "yes",
        "name": "Freie Strasse",
        "oneway": "yes",
        "paving_stones:orientation": "across",
        "paving_stones:shape": "rectangle",
        "start_date": "1243",
        "surface": "paving_stones",
        "wikidata": "Q17038047"
      },
      "geometry": {
        "type": "LineString",
        "coordinates": [
          [
            7.5920683,
            47.5538702
          ],
          [
            7.5920151,
            47.5539369
          ],
          [
            7.5919958,
            47.553961
          ],
          [
            7.5919389,
            47.554042
          ],
          [
            7.5917422,
            47.5543219
          ],
          [
            7.5914871,
            47.5546555
          ],
          [
            7.5914541,
            47.5547162
          ],
          [
            7.5912946,
            47.5548615
          ]
        ]
      },
      "id": "way/130435320"
    },
    {
      "type": "Feature",
      "properties": {
        "@id": "way/130435339",
        "highway": "pedestrian",
        "lit": "yes",
        "name": "Fasnachtsgasse",
        "surface": "sett"
      },
      "geometry": {
        "type": "LineString",
        "coordinates": [
          [
            7.590643,
            47.5541184
          ],
          [
            7.5905427,
            47.554111
          ],
          [
            7.5904998,
            47.5540725
          ]
        ]
      },
      "id": "way/130435339"
    },
    {
      "type": "Feature",
      "properties": {
        "@id": "way/132752300",
        "highway": "pedestrian",
        "lit": "yes",
        "name": "Kohlenberg",
        "start_date": "1284",
        "surface": "asphalt",
        "wikidata": "Q123281264"
      },
      "geometry": {
        "type": "LineString",
        "coordinates": [
          [
            7.5883484,
            47.554148
          ],
          [
            7.5887793,
            47.5540805
          ],
          [
            7.5888164,
            47.5540773
          ],
          [
            7.5889684,
            47.5540643
          ]
        ]
      },
      "id": "way/132752300"
    },
    {
      "type": "Feature",
      "properties": {
        "@id": "way/137472247",
        "bicycle": "no",
        "highway": "pedestrian",
        "lit": "yes",
        "motor_vehicle": "yes",
        "name": "Barfüssergasse",
        "surface": "asphalt",
        "wikidata": "Q123299863"
      },
      "geometry": {
        "type": "LineString",
        "coordinates": [
          [
            7.5910341,
            47.5545227
          ],
          [
            7.5913735,
            47.5546222
          ]
        ]
      },
      "id": "way/137472247"
    },
    {
      "type": "Feature",
      "properties": {
        "@id": "way/137472248",
        "check_date:surface": "2024-07-11",
        "highway": "pedestrian",
        "lit": "yes",
        "name": "Barfüsserplatz",
        "surface": "sett"
      },
      "geometry": {
        "type": "LineString",
        "coordinates": [
          [
            7.5893282,
            47.5546174
          ],
          [
            7.5895083,
            47.5546132
          ],
          [
            7.5896924,
            47.5546956
          ],
          [
            7.5898449,
            47.554764
          ]
        ]
      },
      "id": "way/137472248"
    },
    {
      "type": "Feature",
      "properties": {
        "@id": "way/137472323",
        "bicycle": "no",
        "highway": "pedestrian",
        "lit": "yes",
        "name": "Hutgasse",
        "start_date": "1255",
        "surface": "sett",
        "wikidata": "Q123298991"
      },
      "geometry": {
        "type": "LineString",
        "coordinates": [
          [
            7.58681,
            47.5574742
          ],
          [
            7.5873592,
            47.5575974
          ]
        ]
      },
      "id": "way/137472323"
    },
    {
      "type": "Feature",
      "properties": {
        "@id": "way/137472328",
        "bicycle": "no",
        "highway": "pedestrian",
        "lit": "yes",
        "motor_vehicle": "yes",
        "name": "Kaufhausgasse",
        "surface": "asphalt",
        "wikidata": "Q123270698"
      },
      "geometry": {
        "type": "LineString",
        "coordinates": [
          [
            7.5905245,
            47.5546924
          ],
          [
            7.5905279,
            47.5547064
          ],
          [
            7.5905394,
            47.5547182
          ],
          [
            7.5909242,
            47.5550173
          ],
          [
            7.5910194,
            47.5550913
          ]
        ]
      },
      "id": "way/137472328"
    },
    {
      "type": "Feature",
      "properties": {
        "@id": "way/137472335",
        "bicycle": "no",
        "bus": "yes",
        "highway": "pedestrian",
        "lit": "yes",
        "name": "Marktplatz",
        "start_date": "1191",
        "surface": "asphalt",
        "vehicle": "no",
        "wikidata": "Q692234",
        "wikipedia": "de:Marktplatz (Basel)"
      },
      "geometry": {
        "type": "LineString",
        "coordinates": [
          [
            7.5875137,
            47.5582414
          ],
          [
            7.587334,
            47.5584861
          ],
          [
            7.5872589,
            47.558605
          ]
        ]
      },
      "id": "way/137472335"
    },
    {
      "type": "Feature",
      "properties": {
        "@id": "way/137472362",
        "bicycle": "no",
        "highway": "pedestrian",
        "lit": "yes",
        "name": "Münzgasse",
        "start_date": "1534",
        "surface": "asphalt",
        "wikidata": "Q123283290"
      },
      "geometry": {
        "type": "LineString",
        "coordinates": [
          [
            7.58681,
            47.5574742
          ],
          [
            7.5872928,
            47.5569483
          ],
          [
            7.5872808,
            47.5569166
          ],
          [
            7.5872651,
            47.5568716
          ],
          [
            7.5872168,
            47.5568214
          ]
        ]
      },
      "id": "way/137472362"
    },
    {
      "type": "Feature",
      "properties": {
        "@id": "way/137472369",
        "bicycle": "no",
        "highway": "pedestrian",
        "lit": "yes",
        "name": "Schneidergasse",
        "start_date": "1272",
        "surface": "asphalt",
        "wikidata": "Q123297192"
      },
      "geometry": {
        "type": "LineString",
        "coordinates": [
          [
            7.5867525,
            47.5580229
          ],
          [
            7.5867703,
            47.5576768
          ],
          [
            7.5867569,
            47.5575677
          ]
        ]
      },
      "id": "way/137472369"
    },
    {
      "type": "Feature",
      "properties": {
        "@id": "way/137472379",
        "bicycle": "yes",
        "highway": "pedestrian",
        "lit": "yes",
        "name": "Sattelgasse",
        "start_date": "1230",
        "surface": "sett",
        "wikidata": "Q123299882"
      },
      "geometry": {
        "type": "LineString",
        "coordinates": [
          [
            7.5867547,
            47.558059
          ],
          [
            7.5870428,
            47.5580603
          ],
          [
            7.5874681,
            47.5582249
          ],
          [
            7.5874996,
            47.5582363
          ],
          [
            7.5875137,
            47.5582414
          ]
        ]
      },
      "id": "way/137472379"
    },
    {
      "type": "Feature",
      "properties": {
        "@id": "way/137472383",
        "bicycle": "dismount",
        "highway": "pedestrian",
        "lit": "yes",
        "motorcar:conditional": "delivery @ (05:00-11:00)",
        "motorcycle:conditional": "delivery @ (05:00-11:00)",
        "name": "Schneidergasse",
        "start_date": "1272",
        "surface": "asphalt",
        "wikidata": "Q123297192"
      },
      "geometry": {
        "type": "LineString",
        "coordinates": [
          [
            7.586822,
            47.558612
          ],
          [
            7.5867923,
            47.5585884
          ],
          [
            7.5867865,
            47.5585545
          ],
          [
            7.5867573,
            47.5581319
          ],
          [
            7.5867547,
            47.558059
          ],
          [
            7.5867525,
            47.5580229
          ]
        ]
      },
      "id": "way/137472383"
    },
    {
      "type": "Feature",
      "properties": {
        "@id": "way/137472386",
        "access": "no",
        "bicycle": "no",
        "foot": "yes",
        "highway": "pedestrian",
        "lit": "yes",
        "name": "Spalenberg",
        "start_date": "1230",
        "surface": "asphalt",
        "wikidata": "Q17038208"
      },
      "geometry": {
        "type": "LineString",
        "coordinates": [
          [
            7.5861291,
            47.5570015
          ],
          [
            7.5862453,
            47.5570603
          ],
          [
            7.5863635,
            47.5571659
          ],
          [
            7.5864845,
            47.5573056
          ],
          [
            7.5866128,
            47.5574479
          ],
          [
            7.5867569,
            47.5575677
          ]
        ]
      },
      "id": "way/137472386"
    },
    {
      "type": "Feature",
      "properties": {
        "@id": "way/137472399",
        "highway": "pedestrian",
        "layer": "1",
        "lit": "yes",
        "noname": "yes",
        "surface": "paving_stones"
      },
      "geometry": {
        "type": "LineString",
        "coordinates": [
          [
            7.5909177,
            47.5605891
          ],
          [
            7.5910881,
            47.5604444
          ],
          [
            7.5911089,
            47.5604548
          ],
          [
            7.5911181,
            47.5604471
          ]
        ]
      },
      "id": "way/137472399"
    },
    {
      "type": "Feature",
      "properties": {
        "@id": "way/137472402",
        "highway": "pedestrian",
        "lit": "yes",
        "name": "Fasnachtsgasse",
        "start_date": "2017",
        "surface": "asphalt",
        "wikidata": "Q123281249"
      },
      "geometry": {
        "type": "LineString",
        "coordinates": [
          [
            7.5910341,
            47.5545227
          ],
          [
            7.5910502,
            47.5544746
          ],
          [
            7.5910757,
            47.5543923
          ],
          [
            7.5910796,
            47.5543297
          ],
          [
            7.5910712,
            47.5542623
          ],
          [
            7.5910388,
            47.5542285
          ],
          [
            7.5909854,
            47.5542116
          ],
          [
            7.5909323,
            47.5541988
          ],
          [
            7.5906718,
            47.5541726
          ],
          [
            7.590643,
            47.5541184
          ]
        ]
      },
      "id": "way/137472402"
    },
    {
      "type": "Feature",
      "properties": {
        "@id": "way/148054231",
        "bicycle": "no",
        "highway": "pedestrian",
        "lit": "yes",
        "name": "Nadelberg",
        "start_date": "1241",
        "surface": "asphalt",
        "wikidata": "Q17038179"
      },
      "geometry": {
        "type": "LineString",
        "coordinates": [
          [
            7.5855692,
            47.5568663
          ],
          [
            7.5855469,
            47.5570276
          ],
          [
            7.585535,
            47.5573378
          ]
        ]
      },
      "id": "way/148054231"
    },
    {
      "type": "Feature",
      "properties": {
        "@id": "way/148054237",
        "bicycle": "no",
        "highway": "pedestrian",
        "lit": "yes",
        "name": "Schnabelgasse",
        "start_date": "1400",
        "surface": "asphalt",
        "wikidata": "Q123298156"
      },
      "geometry": {
        "type": "LineString",
        "coordinates": [
          [
            7.5869123,
            47.5568916
          ],
          [
            7.5862453,
            47.5570603
          ]
        ]
      },
      "id": "way/148054237"
    },
    {
      "type": "Feature",
      "properties": {
        "@id": "way/148054239",
        "bicycle": "no",
        "highway": "pedestrian",
        "lit": "yes",
        "name": "Schnabelgasse",
        "start_date": "1400",
        "surface": "asphalt",
        "wikidata": "Q123298156"
      },
      "geometry": {
        "type": "LineString",
        "coordinates": [
          [
            7.5869123,
            47.5568916
          ],
          [
            7.5872168,
            47.5568214
          ]
        ]
      },
      "id": "way/148054239"
    },
    {
      "type": "Feature",
      "properties": {
        "@id": "way/148054244",
        "highway": "pedestrian",
        "lit": "yes",
        "name": "Spalen-Durchgang",
        "surface": "asphalt",
        "wikidata": "Q123291595"
      },
      "geometry": {
        "type": "LineString",
        "coordinates": [
          [
            7.5850333,
            47.5566597
          ],
          [
            7.585059,
            47.5566828
          ],
          [
            7.5850792,
            47.5567009
          ]
        ]
      },
      "id": "way/148054244"
    },
    {
      "type": "Feature",
      "properties": {
        "@id": "way/148054245",
        "highway": "pedestrian",
        "lit": "24/7",
        "name": "Spalen-Durchgang",
        "surface": "asphalt",
        "tunnel": "yes",
        "wikidata": "Q123291595"
      },
      "geometry": {
        "type": "LineString",
        "coordinates": [
          [
            7.5848527,
            47.5564972
          ],
          [
            7.5848649,
            47.5565082
          ],
          [
            7.5850333,
            47.5566597
          ]
        ]
      },
      "id": "way/148054245"
    },
    {
      "type": "Feature",
      "properties": {
        "@id": "way/148054246",
        "bicycle": "no",
        "highway": "pedestrian",
        "lit": "yes",
        "name": "Spalenberg",
        "oneway": "yes",
        "oneway:foot": "no",
        "start_date": "1230",
        "surface": "asphalt",
        "wikidata": "Q17038208"
      },
      "geometry": {
        "type": "LineString",
        "coordinates": [
          [
            7.5849703,
            47.5567656
          ],
          [
            7.5851676,
            47.556774
          ],
          [
            7.5855692,
            47.5568663
          ],
          [
            7.5861291,
            47.5570015
          ]
        ]
      },
      "id": "way/148054246"
    },
    {
      "type": "Feature",
      "properties": {
        "@id": "way/151406764",
        "bicycle": "no",
        "highway": "pedestrian",
        "lit": "yes",
        "name": "Freie Strasse",
        "oneway": "yes",
        "start_date": "1243",
        "surface": "asphalt",
        "wikidata": "Q17038047"
      },
      "geometry": {
        "type": "LineString",
        "coordinates": [
          [
            7.5898305,
            47.5564085
          ],
          [
            7.5894736,
            47.5567782
          ],
          [
            7.589335,
            47.5569231
          ]
        ]
      },
      "id": "way/151406764"
    },
    {
      "type": "Feature",
      "properties": {
        "@id": "way/151407781",
        "bicycle": "no",
        "highway": "pedestrian",
        "lit": "yes",
        "motor_vehicle": "yes",
        "name": "Barfüssergasse",
        "surface": "asphalt",
        "wikidata": "Q123299863"
      },
      "geometry": {
        "type": "LineString",
        "coordinates": [
          [
            7.5905245,
            47.5546924
          ],
          [
            7.5905315,
            47.5546764
          ],
          [
            7.5905489,
            47.5546645
          ],
          [
            7.5909102,
            47.5545128
          ],
          [
            7.590958,
            47.5545044
          ],
          [
            7.5909741,
            47.5545083
          ],
          [
            7.5910341,
            47.5545227
          ]
        ]
      },
      "id": "way/151407781"
    },
    {
      "type": "Feature",
      "properties": {
        "@id": "way/151407783",
        "bicycle": "no",
        "highway": "pedestrian",
        "lit": "yes",
        "name": "Freie Strasse",
        "oneway": "yes",
        "start_date": "1243",
        "surface": "asphalt",
        "wikidata": "Q17038047"
      },
      "geometry": {
        "type": "LineString",
        "coordinates": [
          [
            7.5900601,
            47.5561808
          ],
          [
            7.5898305,
            47.5564085
          ]
        ]
      },
      "id": "way/151407783"
    },
    {
      "type": "Feature",
      "properties": {
        "@id": "way/151407784",
        "bicycle": "no",
        "highway": "pedestrian",
        "lit": "yes",
        "name": "Freie Strasse",
        "oneway": "yes",
        "paving_stones:orientation": "across",
        "paving_stones:shape": "rectangle",
        "start_date": "1243",
        "surface": "paving_stones",
        "wikidata": "Q17038047"
      },
      "geometry": {
        "type": "LineString",
        "coordinates": [
          [
            7.5910194,
            47.5550913
          ],
          [
            7.5908536,
            47.5552341
          ],
          [
            7.5907851,
            47.5552932
          ]
        ]
      },
      "id": "way/151407784"
    },
    {
      "type": "Feature",
      "properties": {
        "@id": "way/151407785",
        "bicycle": "no",
        "highway": "pedestrian",
        "lit": "yes",
        "name": "Freie Strasse",
        "oneway": "yes",
        "paving_stones:orientation": "across",
        "paving_stones:shape": "rectangle",
        "start_date": "1243",
        "surface": "paving_stones",
        "wikidata": "Q17038047"
      },
      "geometry": {
        "type": "LineString",
        "coordinates": [
          [
            7.5907851,
            47.5552932
          ],
          [
            7.5905253,
            47.5556226
          ],
          [
            7.5903831,
            47.5557954
          ],
          [
            7.5902155,
            47.5560134
          ],
          [
            7.5900601,
            47.5561808
          ]
        ]
      },
      "id": "way/151407785"
    },
    {
      "type": "Feature",
      "properties": {
        "@id": "way/151407786",
        "bicycle": "no",
        "highway": "pedestrian",
        "lit": "yes",
        "name": "Münsterberg",
        "start_date": "1300",
        "surface": "sett",
        "wikidata": "Q123297922"
      },
      "geometry": {
        "type": "LineString",
        "coordinates": [
          [
            7.591117,
            47.5553309
          ],
          [
            7.5911605,
            47.555565
          ],
          [
            7.5911814,
            47.5555936
          ],
          [
            7.5912187,
            47.5556222
          ],
          [
            7.5914014,
            47.5557071
          ],
          [
            7.5915249,
            47.5558437
          ]
        ]
      },
      "id": "way/151407786"
    },
    {
      "type": "Feature",
      "properties": {
        "@id": "way/151407791",
        "bicycle": "dismount",
        "highway": "pedestrian",
        "lit": "yes",
        "name": "Schlüsselberg",
        "oneway": "no",
        "start_date": "1243",
        "surface": "asphalt",
        "wikidata": "Q23542427"
      },
      "geometry": {
        "type": "LineString",
        "coordinates": [
          [
            7.5901979,
            47.5567142
          ],
          [
            7.589923,
            47.5569891
          ],
          [
            7.5898085,
            47.5571149
          ],
          [
            7.5895893,
            47.557286
          ]
        ]
      },
      "id": "way/151407791"
    },
    {
      "type": "Feature",
      "properties": {
        "@id": "way/151410222",
        "highway": "pedestrian",
        "lit": "yes",
        "name": "Pfluggässlein",
        "start_date": "1294",
        "surface": "sett",
        "wikidata": "Q123298929"
      },
      "geometry": {
        "type": "LineString",
        "coordinates": [
          [
            7.5894764,
            47.5560431
          ],
          [
            7.5891283,
            47.5559959
          ],
          [
            7.5890395,
            47.5559841
          ],
          [
            7.5890213,
            47.5559827
          ]
        ]
      },
      "id": "way/151410222"
    },
    {
      "type": "Feature",
      "properties": {
        "@id": "way/151410229",
        "highway": "pedestrian",
        "lit": "yes",
        "name": "Pfluggässlein",
        "start_date": "1294",
        "surface": "sett",
        "wikidata": "Q123298929"
      },
      "geometry": {
        "type": "LineString",
        "coordinates": [
          [
            7.5900601,
            47.5561808
          ],
          [
            7.5899795,
            47.5561596
          ],
          [
            7.5898061,
            47.5561141
          ],
          [
            7.5894764,
            47.5560431
          ]
        ]
      },
      "id": "way/151410229"
    },
    {
      "type": "Feature",
      "properties": {
        "@id": "way/151410233",
        "bicycle": "no",
        "highway": "pedestrian",
        "lit": "yes",
        "name": "Pfluggässlein",
        "start_date": "1294",
        "surface": "sett",
        "wikidata": "Q123298929"
      },
      "geometry": {
        "type": "LineString",
        "coordinates": [
          [
            7.5890213,
            47.5559827
          ],
          [
            7.5890025,
            47.5559811
          ],
          [
            7.5886387,
            47.5559445
          ]
        ]
      },
      "id": "way/151410233"
    },
    {
      "type": "Feature",
      "properties": {
        "@id": "way/151410240",
        "bicycle": "dismount",
        "highway": "pedestrian",
        "lit": "yes",
        "name": "Rheinsprung",
        "start_date": "1400",
        "surface": "asphalt",
        "wikidata": "Q17038191"
      },
      "geometry": {
        "type": "LineString",
        "coordinates": [
          [
            7.5885911,
            47.5594476
          ],
          [
            7.5887115,
            47.5593247
          ]
        ]
      },
      "id": "way/151410240"
    },
    {
      "type": "Feature",
      "properties": {
        "@id": "way/151410246",
        "bicycle": "dismount",
        "highway": "pedestrian",
        "lit": "yes",
        "name": "Rheinsprung",
        "start_date": "1400",
        "surface": "sett",
        "wikidata": "Q17038191"
      },
      "geometry": {
        "type": "LineString",
        "coordinates": [
          [
            7.5891991,
            47.5588452
          ],
          [
            7.5894344,
            47.5586344
          ],
          [
            7.5895405,
            47.558565
          ]
        ]
      },
      "id": "way/151410246"
    },
    {
      "type": "Feature",
      "properties": {
        "@id": "way/151410248",
        "bicycle": "dismount",
        "highway": "pedestrian",
        "lit": "yes",
        "name": "Rheinsprung",
        "start_date": "1400",
        "surface": "asphalt",
        "wikidata": "Q17038191"
      },
      "geometry": {
        "type": "LineString",
        "coordinates": [
          [
            7.5887115,
            47.5593247
          ],
          [
            7.5888478,
            47.5592171
          ],
          [
            7.5889701,
            47.5591207
          ],
          [
            7.5890942,
            47.5589704
          ],
          [
            7.5891991,
            47.5588452
          ]
        ]
      },
      "id": "way/151410248"
    },
    {
      "type": "Feature",
      "properties": {
        "@id": "way/151410249",
        "bicycle": "no",
        "highway": "pedestrian",
        "lit": "yes",
        "name": "Schlüsselberg",
        "start_date": "1243",
        "surface": "unhewn_cobblestone",
        "wikidata": "Q23542427"
      },
      "geometry": {
        "type": "LineString",
        "coordinates": [
          [
            7.5895893,
            47.557286
          ],
          [
            7.5894833,
            47.5572077
          ]
        ]
      },
      "id": "way/151410249"
    },
    {
      "type": "Feature",
      "properties": {
        "@id": "way/151410251",
        "highway": "pedestrian",
        "lit": "yes",
        "name": "Weisse Gasse",
        "start_date": "1290",
        "surface": "sett",
        "wikidata": "Q123284919"
      },
      "geometry": {
        "type": "LineString",
        "coordinates": [
          [
            7.5894764,
            47.5560431
          ],
          [
            7.5894906,
            47.5560169
          ],
          [
            7.5897149,
            47.555604
          ],
          [
            7.5897801,
            47.5554539
          ],
          [
            7.5898672,
            47.5551708
          ],
          [
            7.5898837,
            47.5551174
          ]
        ]
      },
      "id": "way/151410251"
    },
    {
      "type": "Feature",
      "properties": {
        "@id": "way/155673812",
        "bicycle": "no",
        "highway": "pedestrian",
        "lit": "yes",
        "motor_vehicle": "no",
        "name": "Rümelins-Passage",
        "surface": "paving_stones",
        "tunnel": "yes",
        "wikidata": "Q123268972"
      },
      "geometry": {
        "type": "LineString",
        "coordinates": [
          [
            7.5880578,
            47.5571845
          ],
          [
            7.5876582,
            47.5571182
          ],
          [
            7.5874573,
            47.5570553
          ],
          [
            7.5873466,
            47.556982
          ]
        ]
      },
      "id": "way/155673812"
    },
    {
      "type": "Feature",
      "properties": {
        "@id": "way/172616089",
        "highway": "pedestrian",
        "lit": "yes",
        "name": "St. Alban-Rheinweg",
        "surface": "asphalt",
        "wikidata": "Q123296796"
      },
      "geometry": {
        "type": "LineString",
        "coordinates": [
          [
            7.6014735,
            47.5547675
          ],
          [
            7.6012014,
            47.5547357
          ],
          [
            7.6009846,
            47.5547749
          ],
          [
            7.6008792,
            47.5548087
          ],
          [
            7.6008582,
            47.5548584
          ]
        ]
      },
      "id": "way/172616089"
    },
    {
      "type": "Feature",
      "properties": {
        "@id": "way/179180331",
        "highway": "pedestrian",
        "lit": "yes",
        "name": "Fasnachtsgasse",
        "start_date": "2017",
        "surface": "sett",
        "wikidata": "Q123281249"
      },
      "geometry": {
        "type": "LineString",
        "coordinates": [
          [
            7.5906718,
            47.5541726
          ],
          [
            7.5906663,
            47.5542288
          ],
          [
            7.5905938,
            47.5542858
          ],
          [
            7.5904245,
            47.5543712
          ],
          [
            7.5903685,
            47.5543994
          ]
        ]
      },
      "id": "way/179180331"
    },
    {
      "type": "Feature",
      "properties": {
        "@id": "way/191105456",
        "bicycle": "no",
        "highway": "pedestrian",
        "lit": "yes",
        "name": "Archivgässlein",
        "start_date": "1610",
        "surface": "asphalt",
        "wikidata": "Q27077301"
      },
      "geometry": {
        "type": "LineString",
        "coordinates": [
          [
            7.5888451,
            47.5587181
          ],
          [
            7.5891991,
            47.5588452
          ]
        ]
      },
      "id": "way/191105456"
    },
    {
      "type": "Feature",
      "properties": {
        "@id": "way/194870562",
        "highway": "pedestrian",
        "lit": "yes",
        "name": "St. Alban-Rheinweg",
        "surface": "asphalt",
        "wikidata": "Q123296796"
      },
      "geometry": {
        "type": "LineString",
        "coordinates": [
          [
            7.6015554,
            47.5548412
          ],
          [
            7.6014735,
            47.5547675
          ],
          [
            7.6015077,
            47.5545809
          ],
          [
            7.6017886,
            47.554574
          ],
          [
            7.6017708,
            47.5544538
          ]
        ]
      },
      "id": "way/194870562"
    },
    {
      "type": "Feature",
      "properties": {
        "@id": "way/195809285",
        "highway": "pedestrian",
        "lit": "yes",
        "name": "Gasstrasse",
        "start_date": "1898",
        "surface": "asphalt",
        "wikidata": "Q123299573"
      },
      "geometry": {
        "type": "LineString",
        "coordinates": [
          [
            7.5773193,
            47.5703241
          ],
          [
            7.5777149,
            47.5705323
          ],
          [
            7.5779578,
            47.5706714
          ],
          [
            7.5779846,
            47.5706888
          ],
          [
            7.5779876,
            47.570696
          ],
          [
            7.5779941,
            47.5707216
          ]
        ]
      },
      "id": "way/195809285"
    },
    {
      "type": "Feature",
      "properties": {
        "@id": "way/197191101",
        "check_date:surface": "2024-07-11",
        "highway": "pedestrian",
        "lit": "yes",
        "name": "Barfüsserplatz",
        "surface": "sett"
      },
      "geometry": {
        "type": "LineString",
        "coordinates": [
          [
            7.5898449,
            47.554764
          ],
          [
            7.5898247,
            47.5549217
          ]
        ]
      },
      "id": "way/197191101"
    },
    {
      "type": "Feature",
      "properties": {
        "@id": "way/197585771",
        "highway": "pedestrian",
        "lit": "yes",
        "noname": "yes",
        "surface": "asphalt"
      },
      "geometry": {
        "type": "LineString",
        "coordinates": [
          [
            7.5674449,
            47.5542021
          ],
          [
            7.5675555,
            47.5541956
          ],
          [
            7.5681629,
            47.5542259
          ],
          [
            7.5687213,
            47.5542535
          ],
          [
            7.5687275,
            47.5542538
          ],
          [
            7.5688567,
            47.5542781
          ]
        ]
      },
      "id": "way/197585771"
    },
    {
      "type": "Feature",
      "properties": {
        "@id": "way/270939310",
        "highway": "pedestrian",
        "lit": "yes",
        "name": "Peterskirchplatz",
        "smoothness": "good",
        "start_date": "1610",
        "surface": "asphalt",
        "wikidata": "Q111133851"
      },
      "geometry": {
        "type": "LineString",
        "coordinates": [
          [
            7.5847733,
            47.5591881
          ],
          [
            7.5845148,
            47.5592019
          ],
          [
            7.584444,
            47.5592057
          ]
        ]
      },
      "id": "way/270939310"
    },
    {
      "type": "Feature",
      "properties": {
        "@id": "way/388783592",
        "bicycle": "yes",
        "highway": "pedestrian",
        "lit": "yes",
        "name": "Schneidergasse",
        "surface": "unhewn_cobblestone",
        "wikidata": "Q123297192"
      },
      "geometry": {
        "type": "LineString",
        "coordinates": [
          [
            7.5867573,
            47.5581319
          ],
          [
            7.5866021,
            47.5581338
          ]
        ]
      },
      "id": "way/388783592"
    },
    {
      "type": "Feature",
      "properties": {
        "@id": "way/409120865",
        "highway": "pedestrian",
        "lit": "yes",
        "name": "Theater-Passage",
        "surface": "asphalt",
        "wikidata": "Q123270244"
      },
      "geometry": {
        "type": "LineString",
        "coordinates": [
          [
            7.590643,
            47.5541184
          ],
          [
            7.5906495,
            47.5540797
          ],
          [
            7.5906261,
            47.5539946
          ]
        ]
      },
      "id": "way/409120865"
    },
    {
      "type": "Feature",
      "properties": {
        "@id": "way/409123651",
        "bicycle": "yes",
        "highway": "pedestrian",
        "lit": "yes",
        "name": "Bäumleingasse",
        "start_date": "1282",
        "surface": "paving_stones",
        "wikidata": "Q123299653"
      },
      "geometry": {
        "type": "LineString",
        "coordinates": [
          [
            7.5914541,
            47.5547162
          ],
          [
            7.5915988,
            47.5547583
          ],
          [
            7.5916196,
            47.5547643
          ],
          [
            7.5916736,
            47.554793
          ]
        ]
      },
      "id": "way/409123651"
    },
    {
      "type": "Feature",
      "properties": {
        "@id": "way/409123653",
        "bicycle": "yes",
        "highway": "pedestrian",
        "lit": "yes",
        "name": "Bäumleingasse",
        "start_date": "1282",
        "surface": "asphalt",
        "wikidata": "Q123299653"
      },
      "geometry": {
        "type": "LineString",
        "coordinates": [
          [
            7.5916736,
            47.554793
          ],
          [
            7.5918946,
            47.5548264
          ],
          [
            7.5928312,
            47.5550852
          ]
        ]
      },
      "id": "way/409123653"
    },
    {
      "type": "Feature",
      "properties": {
        "@id": "way/459654103",
        "highway": "pedestrian",
        "lit": "yes",
        "name": "Barfüsserplatz",
        "surface": "sett"
      },
      "geometry": {
        "type": "LineString",
        "coordinates": [
          [
            7.5898802,
            47.5547509
          ],
          [
            7.5900157,
            47.5547959
          ]
        ]
      },
      "id": "way/459654103"
    },
    {
      "type": "Feature",
      "properties": {
        "@id": "way/492866979",
        "bicycle": "no",
        "highway": "pedestrian",
        "lit": "yes",
        "name": "Freie Strasse",
        "oneway": "yes",
        "start_date": "1243",
        "surface": "asphalt",
        "wikidata": "Q17038047"
      },
      "geometry": {
        "type": "LineString",
        "coordinates": [
          [
            7.589335,
            47.5569231
          ],
          [
            7.5892131,
            47.5570409
          ],
          [
            7.5884004,
            47.557696
          ],
          [
            7.5883585,
            47.5577344
          ],
          [
            7.5883513,
            47.557741
          ],
          [
            7.588287,
            47.5578
          ]
        ]
      },
      "id": "way/492866979"
    },
    {
      "type": "Feature",
      "properties": {
        "@id": "way/492866981",
        "bicycle": "yes",
        "highway": "pedestrian",
        "lit": "yes",
        "motor_vehicle": "destination",
        "name": "Lohweg",
        "start_date": "1896",
        "surface": "asphalt",
        "wikidata": "Q123299401"
      },
      "geometry": {
        "type": "LineString",
        "coordinates": [
          [
            7.585993,
            47.5512341
          ],
          [
            7.5865936,
            47.551387
          ]
        ]
      },
      "id": "way/492866981"
    },
    {
      "type": "Feature",
      "properties": {
        "@id": "way/539493901",
        "bicycle": "no",
        "highway": "pedestrian",
        "lit": "yes",
        "motor_vehicle": "no",
        "name": "Rümelins-Passage",
        "surface": "paving_stones",
        "wikidata": "Q123268972"
      },
      "geometry": {
        "type": "LineString",
        "coordinates": [
          [
            7.5872928,
            47.5569483
          ],
          [
            7.5873466,
            47.556982
          ]
        ]
      },
      "id": "way/539493901"
    },
    {
      "type": "Feature",
      "properties": {
        "@id": "way/539493902",
        "bicycle": "no",
        "highway": "pedestrian",
        "lit": "yes",
        "motor_vehicle": "no",
        "name": "Rümelins-Passage",
        "surface": "asphalt",
        "wikidata": "Q123268972"
      },
      "geometry": {
        "type": "LineString",
        "coordinates": [
          [
            7.5881551,
            47.5572059
          ],
          [
            7.588144,
            47.5572035
          ],
          [
            7.5880578,
            47.5571845
          ]
        ]
      },
      "id": "way/539493902"
    },
    {
      "type": "Feature",
      "properties": {
        "@id": "way/541728941",
        "highway": "pedestrian",
        "lit": "yes",
        "surface": "sett"
      },
      "geometry": {
        "type": "LineString",
        "coordinates": [
          [
            7.590959,
            47.5569557
          ],
          [
            7.5909243,
            47.5569854
          ],
          [
            7.5908301,
            47.5570461
          ]
        ]
      },
      "id": "way/541728941"
    },
    {
      "type": "Feature",
      "properties": {
        "@id": "way/587035573",
        "highway": "pedestrian",
        "lit": "yes",
        "name": "Konzertgasse",
        "start_date": "2018",
        "surface": "sett",
        "wikidata": "Q123269541"
      },
      "geometry": {
        "type": "LineString",
        "coordinates": [
          [
            7.5898259,
            47.5544652
          ],
          [
            7.5897099,
            47.5541526
          ]
        ]
      },
      "id": "way/587035573"
    },
    {
      "type": "Feature",
      "properties": {
        "@id": "way/674314322",
        "highway": "pedestrian",
        "lit": "yes",
        "name": "Fasnachtsgasse",
        "start_date": "2017",
        "surface": "sett",
        "wikidata": "Q123281249"
      },
      "geometry": {
        "type": "LineString",
        "coordinates": [
          [
            7.5901236,
            47.5544649
          ],
          [
            7.5898442,
            47.5545143
          ]
        ]
      },
      "id": "way/674314322"
    },
    {
      "type": "Feature",
      "properties": {
        "@id": "way/674314323",
        "highway": "pedestrian",
        "lit": "yes",
        "name": "Barfüssergasse",
        "surface": "sett",
        "wikidata": "Q123299863"
      },
      "geometry": {
        "type": "LineString",
        "coordinates": [
          [
            7.5901725,
            47.5548021
          ],
          [
            7.5904574,
            47.5547003
          ],
          [
            7.5905245,
            47.5546924
          ]
        ]
      },
      "id": "way/674314323"
    },
    {
      "type": "Feature",
      "properties": {
        "@id": "way/674314324",
        "highway": "pedestrian",
        "lit": "yes",
        "surface": "sett"
      },
      "geometry": {
        "type": "LineString",
        "coordinates": [
          [
            7.5898442,
            47.5545143
          ],
          [
            7.5898456,
            47.5545241
          ],
          [
            7.589869,
            47.554677
          ],
          [
            7.5898802,
            47.5547509
          ]
        ]
      },
      "id": "way/674314324"
    },
    {
      "type": "Feature",
      "properties": {
        "@id": "way/713181985",
        "access": "no",
        "foot": "yes",
        "highway": "pedestrian",
        "lane_markings": "no",
        "lit": "yes",
        "name": "Oekolampadstrasse",
        "name:etymology:wikidata": "Q123450",
        "source": "survey",
        "start_date": "1924",
        "surface": "asphalt",
        "wikidata": "Q111633051"
      },
      "geometry": {
        "type": "LineString",
        "coordinates": [
          [
            7.5701648,
            47.5579433
          ],
          [
            7.5701395,
            47.5582231
          ]
        ]
      },
      "id": "way/713181985"
    },
    {
      "type": "Feature",
      "properties": {
        "@id": "way/713181986",
        "access": "no",
        "foot": "yes",
        "highway": "pedestrian",
        "lane_markings": "no",
        "lit": "yes",
        "name": "Oekolampadstrasse",
        "name:etymology:wikidata": "Q123450",
        "source": "survey",
        "start_date": "1924",
        "surface": "asphalt",
        "wikidata": "Q111633051"
      },
      "geometry": {
        "type": "LineString",
        "coordinates": [
          [
            7.5701899,
            47.5576662
          ],
          [
            7.5701648,
            47.5579433
          ]
        ]
      },
      "id": "way/713181986"
    },
    {
      "type": "Feature",
      "properties": {
        "@id": "way/721311701",
        "highway": "pedestrian",
        "lit": "yes",
        "name": "Freie Strasse",
        "oneway": "yes",
        "paving_stones:orientation": "across",
        "paving_stones:shape": "rectangle",
        "start_date": "1243",
        "surface": "paving_stones",
        "wikidata": "Q17038047"
      },
      "geometry": {
        "type": "LineString",
        "coordinates": [
          [
            7.5912946,
            47.5548615
          ],
          [
            7.5910194,
            47.5550913
          ]
        ]
      },
      "id": "way/721311701"
    },
    {
      "type": "Feature",
      "properties": {
        "@id": "way/721311702",
        "bicycle": "dismount",
        "highway": "pedestrian",
        "lit": "yes",
        "name": "Schlüsselberg",
        "oneway": "no",
        "start_date": "1243",
        "surface": "asphalt_and_paving_stone",
        "wikidata": "Q23542427"
      },
      "geometry": {
        "type": "LineString",
        "coordinates": [
          [
            7.5907806,
            47.5568652
          ],
          [
            7.5905534,
            47.5567865
          ],
          [
            7.5901979,
            47.5567142
          ]
        ]
      },
      "id": "way/721311702"
    },
    {
      "type": "Feature",
      "properties": {
        "@id": "way/730184611",
        "bicycle": "no",
        "highway": "pedestrian",
        "lit": "yes",
        "name": "Gerbergasse",
        "oneway": "yes",
        "start_date": "1260",
        "surface": "sett",
        "wikidata": "Q17038055"
      },
      "geometry": {
        "type": "LineString",
        "coordinates": [
          [
            7.5886204,
            47.5560438
          ],
          [
            7.5886387,
            47.5559445
          ]
        ]
      },
      "id": "way/730184611"
    },
    {
      "type": "Feature",
      "properties": {
        "@id": "way/730184612",
        "bicycle": "no",
        "highway": "pedestrian",
        "lit": "yes",
        "name": "Gerbergasse",
        "oneway": "yes",
        "start_date": "1260",
        "surface": "sett",
        "wikidata": "Q17038055"
      },
      "geometry": {
        "type": "LineString",
        "coordinates": [
          [
            7.5886387,
            47.5559445
          ],
          [
            7.5888661,
            47.5552054
          ],
          [
            7.5888588,
            47.5548828
          ]
        ]
      },
      "id": "way/730184612"
    },
    {
      "type": "Feature",
      "properties": {
        "@id": "way/845455992",
        "bicycle": "yes",
        "highway": "pedestrian",
        "lit": "yes",
        "name": "Schneidergasse",
        "surface": "asphalt",
        "wikidata": "Q123297192"
      },
      "geometry": {
        "type": "LineString",
        "coordinates": [
          [
            7.5867569,
            47.5575677
          ],
          [
            7.58681,
            47.5574742
          ]
        ]
      },
      "id": "way/845455992"
    },
    {
      "type": "Feature",
      "properties": {
        "@id": "way/863207553",
        "delivery": "destination",
        "highway": "pedestrian",
        "lit": "yes",
        "name": "Klingental",
        "sidewalk": "no",
        "start_date": "1610",
        "surface": "asphalt",
        "wikidata": "Q123296104"
      },
      "geometry": {
        "type": "LineString",
        "coordinates": [
          [
            7.5904864,
            47.5615281
          ],
          [
            7.5907195,
            47.5614697
          ]
        ]
      },
      "id": "way/863207553"
    },
    {
      "type": "Feature",
      "properties": {
        "@id": "way/942699422",
        "highway": "pedestrian",
        "lit": "yes",
        "name": "Steinenvorstadt",
        "start_date": "1231",
        "surface": "asphalt",
        "wikidata": "Q20617246"
      },
      "geometry": {
        "type": "LineString",
        "coordinates": [
          [
            7.5875182,
            47.5516362
          ],
          [
            7.5875547,
            47.5516779
          ],
          [
            7.5876514,
            47.5517901
          ]
        ]
      },
      "id": "way/942699422"
    },
    {
      "type": "Feature",
      "properties": {
        "@id": "way/942699423",
        "bicycle": "dismount",
        "highway": "pedestrian",
        "lit": "yes",
        "name": "Rheinsprung",
        "smoothness": "excellent",
        "start_date": "1400",
        "surface": "asphalt",
        "wikidata": "Q17038191"
      },
      "geometry": {
        "type": "LineString",
        "coordinates": [
          [
            7.58855,
            47.5594844
          ],
          [
            7.5885911,
            47.5594476
          ]
        ]
      },
      "id": "way/942699423"
    },
    {
      "type": "Feature",
      "properties": {
        "@id": "way/942699424",
        "highway": "pedestrian",
        "lit": "yes",
        "name": "Hutgasse",
        "start_date": "1255",
        "surface": "sett",
        "wikidata": "Q123298991"
      },
      "geometry": {
        "type": "LineString",
        "coordinates": [
          [
            7.5873592,
            47.5575974
          ],
          [
            7.587827,
            47.5577004
          ],
          [
            7.5878476,
            47.557701
          ],
          [
            7.587884,
            47.5576936
          ],
          [
            7.5879027,
            47.5576882
          ]
        ]
      },
      "id": "way/942699424"
    },
    {
      "type": "Feature",
      "properties": {
        "@id": "way/1006963559",
        "bicycle": "yes",
        "building": "yes",
        "highway": "pedestrian",
        "name": "Lysbüchelplatz",
        "start_date": "2021",
        "wikidata": "Q123268271"
      },
      "geometry": {
        "type": "LineString",
        "coordinates": [
          [
            7.5733785,
            47.5735665
          ],
          [
            7.5735883,
            47.5733188
          ],
          [
            7.5736856,
            47.573204
          ]
        ]
      },
      "id": "way/1006963559"
    },
    {
      "type": "Feature",
      "properties": {
        "@id": "way/1006963560",
        "bicycle": "yes",
        "highway": "pedestrian",
        "name": "Backstubenweg",
        "start_date": "2021",
        "wikidata": "Q123284784"
      },
      "geometry": {
        "type": "LineString",
        "coordinates": [
          [
            7.5733785,
            47.5735665
          ],
          [
            7.5746672,
            47.5740621
          ],
          [
            7.5747999,
            47.5741132
          ]
        ]
      },
      "id": "way/1006963560"
    },
    {
      "type": "Feature",
      "properties": {
        "@id": "way/1092843081",
        "bicycle": "yes",
        "highway": "pedestrian",
        "lit": "yes",
        "name": "Knöringerstrasse",
        "surface": "asphalt"
      },
      "geometry": {
        "type": "LineString",
        "coordinates": [
          [
            7.5665027,
            47.5627994
          ],
          [
            7.5665577,
            47.5628296
          ],
          [
            7.567051,
            47.5630873
          ]
        ]
      },
      "id": "way/1092843081"
    },
    {
      "type": "Feature",
      "properties": {
        "@id": "way/1206645309",
        "highway": "pedestrian",
        "lit": "yes",
        "name": "Peterskirchplatz",
        "start_date": "1610",
        "surface": "paving_stones",
        "wikidata": "Q111133851"
      },
      "geometry": {
        "type": "LineString",
        "coordinates": [
          [
            7.5856246,
            47.5591491
          ],
          [
            7.5855737,
            47.5591486
          ],
          [
            7.5850536,
            47.5591377
          ]
        ]
      },
      "id": "way/1206645309"
    },
    {
      "type": "Feature",
      "properties": {
        "@id": "way/1206645310",
        "highway": "pedestrian",
        "lit": "yes",
        "name": "Peterskirchplatz",
        "smoothness": "bad",
        "surface": "sett",
        "wikidata": "Q111133851"
      },
      "geometry": {
        "type": "LineString",
        "coordinates": [
          [
            7.5850536,
            47.5591377
          ],
          [
            7.5849131,
            47.5591327
          ]
        ]
      },
      "id": "way/1206645310"
    },
    {
      "type": "Feature",
      "properties": {
        "@id": "way/1289635693",
        "bicycle": "no",
        "highway": "pedestrian",
        "lit": "yes",
        "name": "Schlüsselberg",
        "start_date": "1243",
        "surface": "asphalt",
        "wikidata": "Q23542427"
      },
      "geometry": {
        "type": "LineString",
        "coordinates": [
          [
            7.5894833,
            47.5572077
          ],
          [
            7.5893895,
            47.5571525
          ],
          [
            7.589294,
            47.5570936
          ]
        ]
      },
      "id": "way/1289635693"
    },
    {
      "type": "Feature",
      "properties": {
        "@id": "way/1333539797",
        "highway": "pedestrian",
        "lit": "yes",
        "name": "Ringgässlein",
        "start_date": "1458",
        "surface": "paving_stones",
        "wikidata": "Q123270762"
      },
      "geometry": {
        "type": "LineString",
        "coordinates": [
          [
            7.5904513,
            47.5556108
          ],
          [
            7.5905253,
            47.5556226
          ]
        ]
      },
      "id": "way/1333539797"
    },
    {
      "type": "Feature",
      "properties": {
        "@id": "way/1333539798",
        "bicycle": "no",
        "highway": "pedestrian",
        "lit": "yes",
        "name": "Streitgasse",
        "start_date": "1400",
        "surface": "paving_stones",
        "wikidata": "Q123283064"
      },
      "geometry": {
        "type": "LineString",
        "coordinates": [
          [
            7.5907851,
            47.5552932
          ],
          [
            7.5907016,
            47.5552769
          ]
        ]
      },
      "id": "way/1333539798"
    },
    {
      "type": "Feature",
      "properties": {
        "@id": "way/1333539799",
        "bicycle": "no",
        "highway": "pedestrian",
        "lit": "yes",
        "name": "Münsterberg",
        "start_date": "1300",
        "surface": "paving_stones",
        "wikidata": "Q123297922"
      },
      "geometry": {
        "type": "LineString",
        "coordinates": [
          [
            7.5910194,
            47.5550913
          ],
          [
            7.5911056,
            47.5552696
          ],
          [
            7.5911148,
            47.5553193
          ],
          [
            7.591117,
            47.5553309
          ]
        ]
      },
      "id": "way/1333539799"
    },
    {
      "type": "Feature",
      "properties": {
        "@id": "way/1333539800",
        "bicycle": "no",
        "highway": "pedestrian",
        "lit": "yes",
        "motor_vehicle": "yes",
        "name": "Barfüssergasse",
        "surface": "paving_stones",
        "wikidata": "Q123299863"
      },
      "geometry": {
        "type": "LineString",
        "coordinates": [
          [
            7.5913735,
            47.5546222
          ],
          [
            7.5914871,
            47.5546555
          ]
        ]
      },
      "id": "way/1333539800"
    },
    {
      "type": "Feature",
      "properties": {
        "@id": "way/1333539802",
        "bicycle": "no",
        "highway": "pedestrian",
        "lit": "yes",
        "name": "Münsterberg",
        "surface": "paving_stones",
        "wikidata": "Q123297922"
      },
      "geometry": {
        "type": "LineString",
        "coordinates": [
          [
            7.5911148,
            47.5553193
          ],
          [
            7.5910678,
            47.555293
          ],
          [
            7.5909607,
            47.5552585
          ],
          [
            7.5908536,
            47.5552341
          ]
        ]
      },
      "id": "way/1333539802"
    },
    {
      "type": "Feature",
      "properties": {
        "@id": "way/1333539803",
        "bicycle": "no",
        "highway": "pedestrian",
        "lit": "yes",
        "name": "Schlüsselberg",
        "start_date": "1243",
        "surface": "paving_stones",
        "wikidata": "Q23542427"
      },
      "geometry": {
        "type": "LineString",
        "coordinates": [
          [
            7.589294,
            47.5570936
          ],
          [
            7.5892131,
            47.5570409
          ]
        ]
      },
      "id": "way/1333539803"
    },
    {
      "type": "Feature",
      "properties": {
        "@id": "way/1466111255",
        "bicycle": "yes",
        "highway": "pedestrian",
        "lit": "yes",
        "motor_vehicle": "destination",
        "name": "Lohweg",
        "start_date": "1896",
        "surface": "asphalt",
        "wikidata": "Q123299401"
      },
      "geometry": {
        "type": "LineString",
        "coordinates": [
          [
            7.5859134,
            47.5512104
          ],
          [
            7.585993,
            47.5512341
          ]
        ]
      },
      "id": "way/1466111255"
    },
    {
      "type": "Feature",
      "properties": {
        "@id": "way/1485804686",
        "highway": "pedestrian",
        "lit": "yes",
        "name": "Barfüssergasse",
        "surface": "sett",
        "wikidata": "Q123299863"
      },
      "geometry": {
        "type": "LineString",
        "coordinates": [
          [
            7.5900157,
            47.5547959
          ],
          [
            7.5901725,
            47.5548021
          ]
        ]
      },
      "id": "way/1485804686"
    },
    {
      "type": "Feature",
      "properties": {
        "@id": "way/1485804687",
        "highway": "pedestrian",
        "lit": "yes",
        "name": "Konzertgasse",
        "start_date": "2018",
        "surface": "sett",
        "wikidata": "Q123269541"
      },
      "geometry": {
        "type": "LineString",
        "coordinates": [
          [
            7.5898442,
            47.5545143
          ],
          [
            7.5898259,
            47.5544652
          ]
        ]
      },
      "id": "way/1485804687"
    },
    {
      "type": "Feature",
      "properties": {
        "@id": "way/1485804688",
        "highway": "pedestrian",
        "lit": "yes",
        "name": "Fasnachtsgasse",
        "start_date": "2017",
        "surface": "sett",
        "wikidata": "Q123281249"
      },
      "geometry": {
        "type": "LineString",
        "coordinates": [
          [
            7.5903685,
            47.5543994
          ],
          [
            7.5901946,
            47.5544523
          ],
          [
            7.5901236,
            47.5544649
          ]
        ]
      },
      "id": "way/1485804688"
    },
    {
      "type": "Feature",
      "properties": {
        "@id": "way/1485804690",
        "highway": "pedestrian",
        "lit": "yes",
        "name": "Barfüsserplatz"
      },
      "geometry": {
        "type": "LineString",
        "coordinates": [
          [
            7.5894675,
            47.5547752
          ],
          [
            7.5896924,
            47.5546956
          ]
        ]
      },
      "id": "way/1485804690"
    },
    {
      "type": "Feature",
      "properties": {
        "@id": "way/1485804693",
        "highway": "pedestrian",
        "lit": "yes",
        "name": "Barfüsserplatz"
      },
      "geometry": {
        "type": "LineString",
        "coordinates": [
          [
            7.5895083,
            47.5546132
          ],
          [
            7.5897102,
            47.5545352
          ]
        ]
      },
      "id": "way/1485804693"
    },
    {
      "type": "Feature",
      "properties": {
        "@id": "way/1485804694",
        "highway": "pedestrian",
        "lit": "yes",
        "name": "Barfüsserplatz"
      },
      "geometry": {
        "type": "LineString",
        "coordinates": [
          [
            7.5897471,
            47.554529
          ],
          [
            7.5898442,
            47.5545143
          ]
        ]
      },
      "id": "way/1485804694"
    },
    {
      "type": "Feature",
      "properties": {
        "@id": "way/1485804696",
        "highway": "pedestrian",
        "lit": "yes",
        "name": "Barfüsserplatz"
      },
      "geometry": {
        "type": "LineString",
        "coordinates": [
          [
            7.5896924,
            47.5546956
          ],
          [
            7.5897832,
            47.5546928
          ]
        ]
      },
      "id": "way/1485804696"
    },
    {
      "type": "Feature",
      "properties": {
        "@id": "way/1485804697",
        "highway": "pedestrian",
        "lit": "yes"
      },
      "geometry": {
        "type": "LineString",
        "coordinates": [
          [
            7.5898182,
            47.5546804
          ],
          [
            7.589869,
            47.554677
          ]
        ]
      },
      "id": "way/1485804697"
    },
    {
      "type": "Feature",
      "properties": {
        "@id": "way/1488707349",
        "highway": "pedestrian",
        "lit": "yes",
        "name": "Peterskirchplatz",
        "smoothness": "good",
        "start_date": "1610",
        "surface": "asphalt",
        "wikidata": "Q111133851"
      },
      "geometry": {
        "type": "LineString",
        "coordinates": [
          [
            7.5849131,
            47.5591327
          ],
          [
            7.5848831,
            47.5591312
          ]
        ]
      },
      "id": "way/1488707349"
    },
    {
      "type": "Feature",
      "properties": {
        "@id": "way/1491414492",
        "highway": "pedestrian",
        "lit": "yes",
        "name": "Fahnengässlein",
        "ramp": "no",
        "start_date": "1610",
        "surface": "sett",
        "tactile_paving": "no",
        "wikidata": "Q123284615"
      },
      "geometry": {
        "type": "LineString",
        "coordinates": [
          [
            7.5901979,
            47.5567142
          ],
          [
            7.5901464,
            47.5566963
          ],
          [
            7.5901493,
            47.5566883
          ]
        ]
      },
      "id": "way/1491414492"
    },
    {
      "type": "Feature",
      "properties": {
        "@id": "way/1491414493",
        "highway": "pedestrian",
        "lit": "yes",
        "name": "Stapfelberg",
        "ramp": "no",
        "surface": "sett",
        "tactile_paving": "no",
        "wikidata": "Q123283079"
      },
      "geometry": {
        "type": "LineString",
        "coordinates": [
          [
            7.5895893,
            47.557286
          ],
          [
            7.5895775,
            47.557301
          ]
        ]
      },
      "id": "way/1491414493"
    },
    {
      "type": "Feature",
      "properties": {
        "@id": "node/713400430",
        "name": "MParc Dreispitz",
        "operator": "Genossenschaft Migros Basel",
        "recycling:batteries": "yes",
        "recycling:plastic_bottles": "yes",
        "shop": "mall",
        "toilets": "yes",
        "toilets:wheelchair": "yes",
        "wheelchair": "yes"
      },
      "geometry": {
        "type": "Point",
        "coordinates": [
          7.6042929,
          47.5396144
        ]
      },
      "id": "node/713400430"
    },
    {
      "type": "Feature",
      "properties": {
        "@id": "node/2001262850",
        "addr:city": "Basel",
        "addr:housenumber": "397",
        "addr:postcode": "4052",
        "addr:street": "St. Jakobs-Strasse",
        "alt_name": "Manor St. Jakob-Park",
        "branch": "Basel St. Jakob-Park",
        "brand": "Manor",
        "brand:wikidata": "Q382686",
        "name": "Manor",
        "opening_hours": "Mo-Fr 09:00-20:00; Sa 09:00-18:00; PH off",
        "operator": "Manor",
        "shop": "department_store",
        "toilets:wheelchair": "yes",
        "website": "https://www.manor.ch/de/store-finder/store/BSJ",
        "wheelchair": "yes"
      },
      "geometry": {
        "type": "Point",
        "coordinates": [
          7.6199131,
          47.5411332
        ]
      },
      "id": "node/2001262850"
    },
    {
      "type": "Feature",
      "properties": {
        "@id": "node/2146328633",
        "name": "Gundeldinger Feld",
        "shop": "mall",
        "wheelchair": "yes"
      },
      "geometry": {
        "type": "Point",
        "coordinates": [
          7.5932104,
          47.541385
        ]
      },
      "id": "node/2146328633"
    },
    {
      "type": "Feature",
      "properties": {
        "@id": "node/3080746010",
        "ele": "277",
        "name": "Basel Badischer Bahnhof",
        "name:en": "Basel German Railway Station",
        "official_name": "Basel Bad Bf",
        "operator": "DB InfraGO",
        "public_transport": "station",
        "railway": "station",
        "railway:ref": "RB",
        "railway:ref:CH": "BAD",
        "ref:ibnr": "8000026",
        "ref:station": "424",
        "short_name": "Basel Bad Bf",
        "toilets:wheelchair": "no",
        "train": "yes",
        "uic_name": "Basel Bad Bf",
        "uic_ref": "8500090",
        "website": "https://www.bahnhof.de/en/basel-bad-bf",
        "wheelchair": "yes",
        "wheelchair:description": "Gleise der SBB nicht zugänglich. Nur über Treppe zu erreichen.",
        "wikidata": "Q666725",
        "wikipedia": "de:Basel Badischer Bahnhof"
      },
      "geometry": {
        "type": "Point",
        "coordinates": [
          7.6073096,
          47.5674616
        ]
      },
      "id": "node/3080746010"
    },
    {
      "type": "Feature",
      "properties": {
        "@id": "node/3080746011",
        "check_date:wheelchair": "2024-07-25",
        "iata": "ZDH",
        "internet_access": "wlan",
        "internet_access:fee": "no",
        "internet_access:operator": "SBB",
        "name": "Basel SBB",
        "name:de": "Basel SBB",
        "name:fr": "Bâle CFF",
        "opening_hours": "24/7",
        "operator": "SBB",
        "public_transport": "station",
        "railway": "station",
        "railway:ref": "BS",
        "railway:ref:DB": "XSB",
        "ref:FR:sncf:resarail": "CHAJP",
        "ref:FR:uic8": "85000109",
        "uic_name": "Basel SBB",
        "uic_ref": "8500010",
        "website": "https://www.sbb.ch/fr/informations-voyages/gares/trouver-gare/gare-de-bale-cff.html",
        "wheelchair": "yes",
        "wikidata": "Q667201",
        "wikipedia": "de:Bahnhof Basel SBB"
      },
      "geometry": {
        "type": "Point",
        "coordinates": [
          7.5896417,
          47.5476225
        ]
      },
      "id": "node/3080746011"
    },
    {
      "type": "Feature",
      "properties": {
        "@id": "node/3806362883",
        "ele": "266",
        "name": "Basel St. Johann",
        "name:fr": "Bâle-Saint-Jean",
        "operator": "SNCF Gares & Connexions",
        "operator:wikidata": "Q3098278",
        "operator:wikipedia": "fr:SNCF Gares & Connexions",
        "public_transport": "station",
        "railway": "station",
        "railway:ref": "BSSJ",
        "railway:ref:DB": "XFBAJ",
        "railway:ref:DBAG": "XSBJ",
        "railway:ref:SBB": "BSSJ",
        "train": "yes",
        "uic_name": "Basel St. Johann",
        "uic_ref": "8500016",
        "wheelchair": "yes",
        "wikidata": "Q664381"
      },
      "geometry": {
        "type": "Point",
        "coordinates": [
          7.5720745,
          47.5700527
        ]
      },
      "id": "node/3806362883"
    },
    {
      "type": "Feature",
      "properties": {
        "@id": "node/3956966977",
        "addr:city": "Basel",
        "addr:housenumber": "4",
        "addr:postcode": "4001",
        "addr:street": "Gerbergasse",
        "alt_name": "Coop City Marktplatz",
        "branch": "Basel Marktplatz",
        "brand": "Coop City",
        "brand:wikidata": "Q120492050",
        "check_date:opening_hours": "2022-11-21",
        "contact:fax": "+41 61 269 9251",
        "contact:phone": "+41 61 269 9250",
        "name": "Coop City",
        "opening_hours": "Mo-We 08:30-19:00; Th-Fr 08:30-20:00; Sa 08:30-18:00",
        "operator": "Coop Genossenschaft",
        "shop": "department_store",
        "toilets": "yes",
        "wheelchair": "yes"
      },
      "geometry": {
        "type": "Point",
        "coordinates": [
          7.5878735,
          47.5574645
        ]
      },
      "id": "node/3956966977"
    },
    {
      "type": "Feature",
      "properties": {
        "@id": "node/13270200359",
        "addr:city": "Basel",
        "addr:housenumber": "2",
        "addr:postcode": "4001",
        "addr:street": "Marktplatz",
        "branch": "Basel",
        "brand": "Magazine zum Globus",
        "brand:wikidata": "Q683505",
        "check_date": "2025-11-10",
        "contact:email": "info.basel@globus.ch",
        "contact:phone": "+41 61 511 13 02",
        "name": "Globus",
        "opening_hours": "Mo-Fr 09:00-19:00; Sa 09:00-18:00; 2025 Dec 14,Dec 21 13:00-18:00; 2025 Dec 24,Dec 31 09:00-17:00; PH off",
        "shop": "department_store",
        "website": "https://www.globus.ch/stores/basel"
      },
      "geometry": {
        "type": "Point",
        "coordinates": [
          7.5879953,
          47.5587808
        ]
      },
      "id": "node/13270200359"
    },
    {
      "type": "Feature",
      "properties": {
        "@id": "node/13638036588",
        "name": "Bâleo Erlenmatt",
        "opening_hours": "Mo-Fr 06:30-20:00; Sa 07:30-20:00",
        "shop": "mall",
        "website": "https://baleo-erlenmatt.ch/"
      },
      "geometry": {
        "type": "Point",
        "coordinates": [
          7.603621,
          47.5697798
        ]
      },
      "id": "node/13638036588"
    }
  ]
}